,loaders,redoers
2/17/2023 12:50:32 PM,,5
2/17/2023 12:29:32 PM,,6
2/17/2023 12:08:32 PM,,7
2/17/2023 11:47:32 AM,,8
2/17/2023 10:30:32 AM,,9
2/17/2023 8:35:32 AM,,10
2/17/2023 7:37:32 AM,,11
2/17/2023 4:24:32 AM,,12
2/17/2023 3:19:32 AM,,13
2/17/2023 2:58:32 AM,,14
2/17/2023 2:18:32 AM,,15
2/17/2023 12:15:32 AM,,16
2/16/2023 11:54:32 PM,,17
2/16/2023 11:18:32 PM,,18
2/16/2023 10:59:41 PM,,19
2/16/2023 8:47:32 PM,,16
2/16/2023 7:56:32 PM,,17
2/16/2023 6:23:32 PM,,18
2/16/2023 4:51:41 PM,,19
2/16/2023 4:50:41 PM,,18
2/16/2023 4:20:41 PM,,17
2/16/2023 3:56:41 PM,,15
2/16/2023 3:43:41 PM,,13
2/16/2023 3:35:41 PM,,12
2/16/2023 3:33:41 PM,,11
2/16/2023 3:06:41 PM,,10
2/16/2023 2:54:41 PM,,8
2/16/2023 2:41:41 PM,,6
2/16/2023 2:20:41 PM,,4
2/16/2023 1:52:32 PM,,2
2/16/2023 1:32:41 PM,,3
2/16/2023 1:31:41 PM,,2