time_utc,in_visible,in_deleted,dlq_visible,dlq_deleted
2026-08-28 23:15,995745.0,12176.0,0.0,0.0
2026-08-28 23:16,995478.0,25416.0,0.0,0.0
2026-08-28 23:17,967314.0,22206.0,0.0,0.0
2026-08-28 23:18,933451.0,21274.0,0.0,0.0
2026-08-28 23:19,911520.0,21040.0,0.0,0.0
2026-08-28 23:20,900958.0,23283.0,0.0,0.0
2026-08-28 23:21,877738.0,18772.0,0.0,0.0
2026-08-28 23:22,848699.0,44866.0,0.0,0.0
2026-08-28 23:23,820952.0,76466.0,0.0,0.0
2026-08-28 23:24,762878.0,86316.0,0.0,0.0
2026-08-28 23:25,640376.0,81200.0,0.0,0.0
2026-08-28 23:26,576076.0,72450.0,0.0,0.0
2026-08-28 23:27,514387.0,34863.0,0.0,0.0
2026-08-28 23:28,454152.0,51884.0,0.0,0.0
2026-08-28 23:29,393498.0,62226.0,0.0,0.0
2026-08-28 23:30,372756.0,74848.0,0.0,0.0
2026-08-28 23:31,293147.0,123034.0,0.0,0.0
2026-08-28 23:32,191613.0,82509.0,2.0,0.0
2026-08-28 23:33,52609.0,17061.0,33.0,0.0
2026-08-28 23:34,33476.0,43121.0,33.0,0.0
2026-08-28 23:35,0.0,311.0,33.0,0.0
2026-08-28 23:36,0.0,251.0,33.0,0.0
2026-08-28 23:37,0.0,169.0,33.0,0.0
2026-08-28 23:38,0.0,0.0,33.0,0.0
2026-08-28 23:39,0.0,0.0,33.0,0.0
2026-08-28 23:40,0.0,0.0,33.0,0.0
2026-08-28 23:41,0.0,0.0,33.0,0.0
2026-08-28 23:42,0.0,0.0,33.0,0.0
2026-08-28 23:43,0.0,0.0,33.0,0.0
2026-08-28 23:44,0.0,0.0,33.0,0.0
2026-08-28 23:45,0.0,0.0,33.0,0.0
2026-08-28 23:46,0.0,0.0,33.0,0.0
2026-08-28 23:47,0.0,2.0,33.0,0.0
2026-08-28 23:48,0.0,0.0,33.0,0.0
2026-08-28 23:49,0.0,0.0,33.0,0.0
2026-08-28 23:50,0.0,0.0,33.0,0.0
2026-08-28 23:51,0.0,0.0,33.0,0.0
2026-08-28 23:52,0.0,0.0,33.0,0.0
2026-08-28 23:53,0.0,0.0,33.0,0.0
2026-08-28 23:54,0.0,0.0,33.0,0.0
2026-08-28 23:55,0.0,0.0,33.0,0.0
2026-08-28 23:56,0.0,0.0,33.0,0.0
2026-08-28 23:57,0.0,0.0,33.0,0.0
2026-08-28 23:58,0.0,0.0,33.0,0.0
2026-08-28 23:59,0.0,0.0,33.0,0.0
2026-08-29 00:00,0.0,0.0,33.0,0.0
2026-08-29 00:01,0.0,0.0,33.0,0.0
2026-08-29 00:02,0.0,0.0,33.0,0.0
2026-08-29 00:03,0.0,0.0,33.0,0.0
2026-08-29 00:04,0.0,0.0,33.0,0.0
2026-08-29 00:05,0.0,0.0,33.0,0.0
2026-08-29 00:06,0.0,0.0,33.0,0.0
2026-08-29 00:07,0.0,0.0,34.0,0.0
2026-08-29 00:08,0.0,0.0,34.0,0.0
2026-08-29 00:09,0.0,0.0,34.0,0.0
2026-08-29 00:10,0.0,0.0,34.0,0.0
2026-08-29 00:11,0.0,0.0,34.0,0.0
2026-08-29 00:12,0.0,0.0,34.0,0.0
2026-08-29 00:13,0.0,0.0,34.0,0.0
2026-08-29 00:14,0.0,0.0,34.0,0.0
2026-08-29 00:15,0.0,0.0,34.0,0.0
2026-08-29 00:16,0.0,0.0,34.0,0.0
2026-08-29 00:17,0.0,0.0,34.0,0.0
2026-08-29 00:18,0.0,0.0,34.0,0.0
2026-08-29 00:19,0.0,0.0,34.0,0.0
2026-08-29 00:20,0.0,0.0,34.0,0.0
2026-08-29 00:21,0.0,0.0,34.0,0.0
2026-08-29 00:22,0.0,0.0,34.0,0.0
2026-08-29 00:23,0.0,0.0,34.0,0.0
2026-08-29 00:24,0.0,0.0,34.0,0.0
2026-08-29 00:25,0.0,0.0,34.0,0.0
2026-08-29 00:26,0.0,0.0,34.0,0.0
2026-08-29 00:27,0.0,0.0,34.0,0.0
2026-08-29 00:28,0.0,0.0,34.0,0.0
2026-08-29 00:29,0.0,0.0,34.0,0.0
2026-08-29 00:30,0.0,0.0,34.0,0.0
2026-08-29 00:31,0.0,0.0,34.0,0.0
2026-08-29 00:32,0.0,0.0,34.0,0.0
2026-08-29 00:33,0.0,0.0,34.0,0.0
2026-08-29 00:34,0.0,0.0,34.0,0.0
2026-08-29 00:35,0.0,0.0,34.0,0.0
2026-08-29 00:36,0.0,0.0,34.0,0.0
2026-08-29 00:37,0.0,0.0,34.0,0.0
2026-08-29 00:38,0.0,0.0,34.0,0.0
2026-08-29 00:39,0.0,0.0,34.0,0.0
2026-08-29 00:40,0.0,0.0,34.0,0.0
2026-08-29 00:41,0.0,0.0,34.0,0.0
2026-08-29 00:42,0.0,0.0,34.0,0.0
2026-08-29 00:43,0.0,0.0,34.0,0.0
2026-08-29 00:44,0.0,0.0,34.0,0.0
2026-08-29 00:45,0.0,0.0,34.0,0.0
2026-08-29 00:46,0.0,0.0,34.0,0.0
2026-08-29 00:47,0.0,0.0,34.0,0.0
2026-08-29 00:48,0.0,0.0,34.0,0.0
2026-08-29 00:49,0.0,0.0,34.0,0.0
