time,inserts_per_minute
2026-10-06 05:04:00,129
2026-10-06 04:56:00,42906
2026-10-06 04:55:00,111401
2026-10-06 04:54:00,111007
2026-10-06 04:53:00,113042
2026-10-06 04:52:00,113674
2026-10-06 04:51:00,115102
2026-10-06 04:50:00,115325
2026-10-06 04:49:00,115799
2026-10-06 04:48:00,114918
2026-10-06 04:47:00,116946
2026-10-06 04:46:00,115705
2026-10-06 04:45:00,102944
2026-10-06 04:44:00,112932
2026-10-06 04:43:00,115437
2026-10-06 04:42:00,115231
2026-10-06 04:41:00,114681
2026-10-06 04:40:00,115035
2026-10-06 04:39:00,116451
2026-10-06 04:38:00,116124
2026-10-06 04:37:00,117508
2026-10-06 04:36:00,118136
2026-10-06 04:35:00,116981
2026-10-06 04:34:00,115149
2026-10-06 04:33:00,116215
2026-10-06 04:32:00,116907
2026-10-06 04:31:00,117433
2026-10-06 04:30:00,118924
2026-10-06 04:29:00,116441
2026-10-06 04:28:00,118644
2026-10-06 04:27:00,119869
2026-10-06 04:26:00,120636
2026-10-06 04:25:00,120051
2026-10-06 04:24:00,120214
2026-10-06 04:23:00,120028
2026-10-06 04:22:00,120438
2026-10-06 04:21:00,120747
2026-10-06 04:20:00,119575
2026-10-06 04:19:00,121085
2026-10-06 04:18:00,119203
2026-10-06 04:17:00,113122
2026-10-06 04:16:00,118627
2026-10-06 04:15:00,118979
2026-10-06 04:14:00,117881
2026-10-06 04:13:00,117635
2026-10-06 04:12:00,116461
2026-10-06 04:11:00,113817
2026-10-06 04:10:00,114581
2026-10-06 04:09:00,119090
2026-10-06 04:08:00,119127
2026-10-06 04:07:00,119020
2026-10-06 04:06:00,118847
2026-10-06 04:05:00,118464
2026-10-06 04:04:00,117986
2026-10-06 04:03:00,119335
2026-10-06 04:02:00,123110
2026-10-06 04:01:00,122217
2026-10-06 04:00:00,119586
2026-10-06 03:59:00,119708
2026-10-06 03:58:00,123038
2026-10-06 03:57:00,124484
2026-10-06 03:56:00,126147
2026-10-06 03:55:00,126390
2026-10-06 03:54:00,126855
2026-10-06 03:53:00,130148
2026-10-06 03:52:00,132483
2026-10-06 03:51:00,133406
2026-10-06 03:50:00,134110
2026-10-06 03:49:00,133195
2026-10-06 03:48:00,133418
2026-10-06 03:47:00,133058
2026-10-06 03:46:00,132875
2026-10-06 03:45:00,132715
2026-10-06 03:44:00,134393
2026-10-06 03:43:00,132638
2026-10-06 03:42:00,132050
2026-10-06 03:41:00,132908
2026-10-06 03:40:00,132224
2026-10-06 03:39:00,133123
2026-10-06 03:38:00,133013
2026-10-06 03:37:00,133157
2026-10-06 03:36:00,134196
2026-10-06 03:35:00,133731
2026-10-06 03:34:00,133142
2026-10-06 03:33:00,134484
2026-10-06 03:32:00,134362
2026-10-06 03:31:00,134898
2026-10-06 03:30:00,135868
2026-10-06 03:29:00,135330
2026-10-06 03:28:00,135570
2026-10-06 03:27:00,136462
2026-10-06 03:26:00,136937
2026-10-06 03:25:00,136474
2026-10-06 03:24:00,137928
2026-10-06 03:23:00,136225
2026-10-06 03:22:00,136940
2026-10-06 03:21:00,136405
2026-10-06 03:20:00,135367
2026-10-06 03:19:00,136439
2026-10-06 03:18:00,137599
2026-10-06 03:17:00,137526
2026-10-06 03:16:00,137041
2026-10-06 03:15:00,138223
2026-10-06 03:14:00,138407
2026-10-06 03:13:00,138635
2026-10-06 03:12:00,140216
2026-10-06 03:11:00,138452
2026-10-06 03:10:00,140285
2026-10-06 03:09:00,139364
2026-10-06 03:08:00,139778
2026-10-06 03:07:00,142694
2026-10-06 03:06:00,140931
2026-10-06 03:05:00,140567
2026-10-06 03:04:00,141076
2026-10-06 03:03:00,142211
2026-10-06 03:02:00,142442
2026-10-06 03:01:00,140405
2026-10-06 03:00:00,140791
2026-10-06 02:59:00,140603
2026-10-06 02:58:00,140664
2026-10-06 02:57:00,141761
2026-10-06 02:56:00,141481
2026-10-06 02:55:00,141934
2026-10-06 02:54:00,142603
2026-10-06 02:53:00,143192
2026-10-06 02:52:00,142929
2026-10-06 02:51:00,143125
2026-10-06 02:50:00,143058
2026-10-06 02:49:00,143369
2026-10-06 02:48:00,144141
2026-10-06 02:47:00,143979
2026-10-06 02:46:00,143717
2026-10-06 02:45:00,142452
2026-10-06 02:44:00,143677
2026-10-06 02:43:00,144390
2026-10-06 02:42:00,144474
2026-10-06 02:41:00,145728
2026-10-06 02:40:00,142166
2026-10-06 02:39:00,147629
2026-10-06 02:38:00,146655
2026-10-06 02:37:00,146817
2026-10-06 02:36:00,148381
2026-10-06 02:35:00,144907
2026-10-06 02:34:00,141194
2026-10-06 02:33:00,142991
2026-10-06 02:32:00,146190
2026-10-06 02:31:00,146330
2026-10-06 02:30:00,141506
2026-10-06 02:29:00,144285
2026-10-06 02:28:00,143377
2026-10-06 02:27:00,145087
2026-10-06 02:26:00,141897
2026-10-06 02:25:00,145341
2026-10-06 02:24:00,144709
2026-10-06 02:23:00,146352
2026-10-06 02:22:00,145930
2026-10-06 02:21:00,145840
2026-10-06 02:20:00,148768
2026-10-06 02:19:00,145536
2026-10-06 02:18:00,148294
2026-10-06 02:17:00,149762
2026-10-06 02:16:00,148534
2026-10-06 02:15:00,147842
2026-10-06 02:14:00,148253
2026-10-06 02:13:00,151478
2026-10-06 02:12:00,150435
2026-10-06 02:11:00,152810
2026-10-06 02:10:00,151897
2026-10-06 02:09:00,149942
2026-10-06 02:08:00,154834
2026-10-06 02:07:00,154577
2026-10-06 02:06:00,152888
2026-10-06 02:05:00,153446
2026-10-06 02:04:00,152958
2026-10-06 02:03:00,153530
2026-10-06 02:02:00,152339
2026-10-06 02:01:00,160346
2026-10-06 02:00:00,156359
2026-10-06 01:59:00,155178
2026-10-06 01:58:00,160242
2026-10-06 01:57:00,158254
2026-10-06 01:56:00,165354
2026-10-06 01:55:00,162203
2026-10-06 01:54:00,160678
2026-10-06 01:53:00,164938
2026-10-06 01:52:00,163888
2026-10-06 01:51:00,165579
2026-10-06 01:50:00,164660
2026-10-06 01:49:00,168214
2026-10-06 01:48:00,167595
2026-10-06 01:47:00,167437
2026-10-06 01:46:00,165090
2026-10-06 01:45:00,170278
2026-10-06 01:44:00,172150
2026-10-06 01:43:00,170180
2026-10-06 01:42:00,171396
2026-10-06 01:41:00,174541
2026-10-06 01:40:00,175813
2026-10-06 01:39:00,172436
2026-10-06 01:38:00,173968
2026-10-06 01:37:00,175639
2026-10-06 01:36:00,173834
2026-10-06 01:35:00,177796
2026-10-06 01:34:00,179568
2026-10-06 01:33:00,177973
2026-10-06 01:32:00,178134
2026-10-06 01:31:00,181432
2026-10-06 01:30:00,178971
2026-10-06 01:29:00,174434
2026-10-06 01:28:00,155030
2026-10-06 01:27:00,148600
2026-10-06 01:26:00,150682
2026-10-06 01:25:00,152445
2026-10-06 01:24:00,162453
2026-10-06 01:23:00,179681
2026-10-06 01:22:00,195199
2026-10-06 01:21:00,196283
2026-10-06 01:20:00,197759
2026-10-06 01:19:00,196343
2026-10-06 01:18:00,198579
2026-10-06 01:17:00,199580
2026-10-06 01:16:00,196374
2026-10-06 01:15:00,203351
2026-10-06 01:14:00,201336
2026-10-06 01:13:00,201020
2026-10-06 01:12:00,200744
2026-10-06 01:11:00,203299
2026-10-06 01:10:00,199103
2026-10-06 01:09:00,204573
2026-10-06 01:08:00,204543
2026-10-06 01:07:00,200497
2026-10-06 01:06:00,203751
2026-10-06 01:05:00,204465
2026-10-06 01:04:00,205675
2026-10-06 01:03:00,205622
2026-10-06 01:02:00,203158
2026-10-06 01:01:00,206328
2026-10-06 01:00:00,205611
2026-10-06 00:59:00,204393
2026-10-06 00:58:00,200997
2026-10-06 00:57:00,203012
2026-10-06 00:56:00,204739
2026-10-06 00:55:00,198987
2026-10-06 00:54:00,201423
2026-10-06 00:53:00,205299
2026-10-06 00:52:00,207375
2026-10-06 00:51:00,203277
2026-10-06 00:50:00,205837
2026-10-06 00:49:00,214417
2026-10-06 00:48:00,211996
2026-10-06 00:47:00,208356
2026-10-06 00:46:00,213198
2026-10-06 00:45:00,216496
2026-10-06 00:44:00,216291
2026-10-06 00:43:00,215353
2026-10-06 00:42:00,221406
2026-10-06 00:41:00,215184
2026-10-06 00:40:00,219033
2026-10-06 00:39:00,218119
2026-10-06 00:38:00,219860
2026-10-06 00:37:00,217878
2026-10-06 00:36:00,219641
2026-10-06 00:35:00,222405
2026-10-06 00:34:00,221015
2026-10-06 00:33:00,220151
2026-10-06 00:32:00,223042
2026-10-06 00:31:00,222987
2026-10-06 00:30:00,223663
2026-10-06 00:29:00,222799
2026-10-06 00:28:00,226652
2026-10-06 00:27:00,225716
2026-10-06 00:26:00,223490
2026-10-06 00:25:00,223660
2026-10-06 00:24:00,223111
2026-10-06 00:23:00,222271
2026-10-06 00:22:00,222133
2026-10-06 00:21:00,220945
2026-10-06 00:20:00,223087
2026-10-06 00:19:00,223709
2026-10-06 00:18:00,227902
2026-10-06 00:17:00,227299
2026-10-06 00:16:00,231192
2026-10-06 00:15:00,229723
2026-10-06 00:14:00,226497
2026-10-06 00:13:00,227500
2026-10-06 00:12:00,228903
2026-10-06 00:11:00,221812
2026-10-06 00:10:00,224593
2026-10-06 00:09:00,221134
2026-10-06 00:08:00,217221
2026-10-06 00:07:00,221137
2026-10-06 00:06:00,222042
2026-10-06 00:05:00,221927
2026-10-06 00:04:00,229211
2026-10-06 00:03:00,230364
2026-10-06 00:02:00,234027
2026-10-06 00:01:00,235267
2026-10-06 00:00:00,237381
2026-10-05 23:59:00,236852
2026-10-05 23:58:00,234470
2026-10-05 23:57:00,234574
2026-10-05 23:56:00,234829
2026-10-05 23:55:00,233202
2026-10-05 23:54:00,234704
2026-10-05 23:53:00,236734
2026-10-05 23:52:00,235391
2026-10-05 23:51:00,221004
2026-10-05 23:50:00,194539
2026-10-05 23:49:00,189285
2026-10-05 23:48:00,207752
2026-10-05 23:47:00,202904
2026-10-05 23:46:00,205919
2026-10-05 23:45:00,150498
2026-10-05 23:44:00,158727
2026-10-05 23:43:00,166339
2026-10-05 23:42:00,229831
2026-10-05 23:41:00,246453
2026-10-05 23:40:00,244484
2026-10-05 23:39:00,245949
2026-10-05 23:38:00,242511
2026-10-05 23:37:00,247296
2026-10-05 23:36:00,241579
2026-10-05 23:35:00,245113
2026-10-05 23:34:00,239705
2026-10-05 23:33:00,238355
2026-10-05 23:32:00,229335
2026-10-05 23:31:00,231452
2026-10-05 23:30:00,232147
2026-10-05 23:29:00,235575
2026-10-05 23:28:00,248545
2026-10-05 23:27:00,246597
2026-10-05 23:26:00,249639
2026-10-05 23:25:00,249896
2026-10-05 23:24:00,246805
2026-10-05 23:23:00,251087
2026-10-05 23:22:00,249235
2026-10-05 23:21:00,248392
2026-10-05 23:20:00,247576
2026-10-05 23:19:00,241344
2026-10-05 23:18:00,241638
2026-10-05 23:17:00,246374
2026-10-05 23:16:00,247118
2026-10-05 23:15:00,244644
2026-10-05 23:14:00,246892
2026-10-05 23:13:00,240655
2026-10-05 23:12:00,244277
2026-10-05 23:11:00,239634
2026-10-05 23:10:00,233851
2026-10-05 23:09:00,234592
2026-10-05 23:08:00,229779
2026-10-05 23:07:00,234951
2026-10-05 23:06:00,241785
2026-10-05 23:05:00,244132
2026-10-05 23:04:00,244676
2026-10-05 23:03:00,249290
2026-10-05 23:02:00,246407
2026-10-05 23:01:00,247309
2026-10-05 23:00:00,248579
2026-10-05 22:59:00,251529
2026-10-05 22:58:00,248074
2026-10-05 22:57:00,247285
2026-10-05 22:56:00,241866
2026-10-05 22:55:00,232324
2026-10-05 22:54:00,245108
2026-10-05 22:53:00,233063
2026-10-05 22:52:00,231460
2026-10-05 22:51:00,178034
2026-10-05 22:50:00,153988
2026-10-05 22:49:00,187696
2026-10-05 22:48:00,256981
2026-10-05 22:47:00,254810
2026-10-05 22:46:00,249203
2026-10-05 22:45:00,243151
2026-10-05 22:44:00,242958
2026-10-05 22:43:00,241428
2026-10-05 22:42:00,241323
2026-10-05 22:41:00,252486
2026-10-05 22:40:00,247629
2026-10-05 22:39:00,256161
2026-10-05 22:38:00,258333
2026-10-05 22:37:00,257947
2026-10-05 22:36:00,255888
2026-10-05 22:35:00,257480
2026-10-05 22:34:00,262063
2026-10-05 22:33:00,261834
2026-10-05 22:32:00,261210
2026-10-05 22:31:00,255427
2026-10-05 22:30:00,254840
2026-10-05 22:29:00,252552
2026-10-05 22:28:00,249849
2026-10-05 22:27:00,247098
2026-10-05 22:26:00,243586
2026-10-05 22:25:00,251363
2026-10-05 22:24:00,261321
2026-10-05 22:23:00,266460
2026-10-05 22:22:00,269336
2026-10-05 22:21:00,265827
2026-10-05 22:20:00,262609
2026-10-05 22:19:00,262242
2026-10-05 22:18:00,258735
2026-10-05 22:17:00,260561
2026-10-05 22:16:00,266426
2026-10-05 22:15:00,269900
2026-10-05 22:14:00,264640
2026-10-05 22:13:00,262977
2026-10-05 22:12:00,227307
2026-10-05 22:11:00,155848
2026-10-05 22:10:00,197714
2026-10-05 22:09:00,277057
2026-10-05 22:08:00,275681
2026-10-05 22:07:00,276293
2026-10-05 22:06:00,279647
2026-10-05 22:05:00,273586
2026-10-05 22:04:00,267954
2026-10-05 22:03:00,273463
2026-10-05 22:02:00,267695
2026-10-05 22:01:00,259659
2026-10-05 22:00:00,264358
2026-10-05 21:59:00,275044
2026-10-05 21:58:00,273246
2026-10-05 21:57:00,278824
2026-10-05 21:56:00,276316
2026-10-05 21:55:00,279774
2026-10-05 21:54:00,279965
2026-10-05 21:53:00,277390
2026-10-05 21:52:00,222954
2026-10-05 21:51:00,274231
2026-10-05 21:50:00,283351
2026-10-05 21:49:00,288353
2026-10-05 21:48:00,289906
2026-10-05 21:47:00,284099
2026-10-05 21:46:00,279387
2026-10-05 21:45:00,232030
2026-10-05 21:44:00,214674
2026-10-05 21:43:00,250115
2026-10-05 21:42:00,282830
2026-10-05 21:41:00,294075
2026-10-05 21:40:00,298119
2026-10-05 21:39:00,297319
2026-10-05 21:38:00,299985
2026-10-05 21:37:00,300613
2026-10-05 21:36:00,302342
2026-10-05 21:35:00,298438
2026-10-05 21:34:00,295310
2026-10-05 21:33:00,291639
2026-10-05 21:32:00,288581
2026-10-05 21:31:00,306488
2026-10-05 21:30:00,301895
2026-10-05 21:29:00,292668
2026-10-05 21:28:00,259239
2026-10-05 21:27:00,262045
2026-10-05 21:26:00,295544
2026-10-05 21:25:00,260605
2026-10-05 21:24:00,299469
2026-10-05 21:23:00,305494
2026-10-05 21:22:00,308166
2026-10-05 21:21:00,311102
2026-10-05 21:20:00,310539
2026-10-05 21:19:00,304874
2026-10-05 21:18:00,295714
2026-10-05 21:17:00,260447
2026-10-05 21:16:00,310746
2026-10-05 21:15:00,247392
2026-10-05 21:14:00,315172
2026-10-05 21:13:00,292322
2026-10-05 21:12:00,307529
2026-10-05 21:11:00,319136
2026-10-05 21:10:00,325654
2026-10-05 21:09:00,315664
2026-10-05 21:08:00,328760
2026-10-05 21:07:00,330331
2026-10-05 21:06:00,261448
2026-10-05 21:05:00,325708
2026-10-05 21:04:00,304787
2026-10-05 21:03:00,329191
2026-10-05 21:02:00,341104
2026-10-05 21:01:00,348436
2026-10-05 21:00:00,303371
2026-10-05 20:59:00,325322
2026-10-05 20:58:00,321470
2026-10-05 20:57:00,329225
2026-10-05 20:56:00,351677
2026-10-05 20:55:00,311481
2026-10-05 20:54:00,343451
2026-10-05 20:53:00,354051
2026-10-05 20:52:00,366559
2026-10-05 20:51:00,277900
2026-10-05 20:50:00,338294
2026-10-05 20:49:00,318843
2026-10-05 20:48:00,344727
2026-10-05 20:47:00,338451
2026-10-05 20:46:00,353520
2026-10-05 20:45:00,332935
2026-10-05 20:44:00,248962
2026-10-05 20:43:00,114208
2026-10-05 20:42:00,116783
2026-10-05 20:41:00,117470
2026-10-05 20:40:00,120471
2026-10-05 20:39:00,124886
2026-10-05 20:38:00,130383
2026-10-05 20:37:00,24495
