time_utc,WriteIOPS,ReadIOPS,CPUUtilization,DatabaseConnections,WriteLatency,WriteThroughput,FreeableMemory
2026-08-27 15:50,7.667,0.0,0.435,2.0,0.001,1378.421,76003274752.0
2026-08-27 15:51,347809.851,0.366,17.503,190.0,0.0,75843388.161,72671297536.0
2026-08-27 15:52,415422.483,0.0,35.208,190.0,0.0,89533227.6,72553652224.0
2026-08-27 15:53,334972.778,0.0,27.457,197.0,0.0,72488458.851,72609976320.0
2026-08-27 15:54,336027.734,0.0,26.079,197.0,0.0,72514854.564,72631754752.0
2026-08-27 15:55,317217.107,0.0,25.288,197.0,0.0,68141062.571,72624246784.0
2026-08-27 15:56,313544.527,0.0,24.883,198.0,0.0,66618731.419,72335970304.0
2026-08-27 15:57,636430.413,0.0,58.313,703.0,0.0,135458181.091,65047277568.0
2026-08-27 15:58,599060.372,0.017,81.435,767.0,0.0,141294502.589,64292139008.0
2026-08-27 15:59,515666.828,0.0,81.153,768.0,0.001,129483046.879,64655634432.0
2026-08-27 16:00,531116.424,0.017,86.283,792.0,0.001,133600128.832,64641454080.0
2026-08-27 16:01,502173.299,0.0,89.207,792.0,0.001,120887833.183,64055709696.0
2026-08-27 16:02,551166.245,0.0,86.892,792.0,0.0,133209013.525,64213258240.0
2026-08-27 16:03,431049.562,0.0,89.502,791.0,0.0,111343472.509,65341460480.0
2026-08-27 16:04,351036.424,0.0,70.095,967.0,0.0,77693424.777,62681735168.0
2026-08-27 16:05,337542.024,0.0,92.87,1597.0,0.0,89023946.691,56673206272.0
2026-08-27 16:06,306254.01,0.0,95.837,1620.0,0.0,78279849.641,54746083328.0
2026-08-27 16:07,82287.674,0.0,49.568,1634.0,0.0,18142846.016,54900559872.0
2026-08-27 16:08,181607.907,0.0,70.79,1650.0,0.0,42750098.477,54989303808.0
2026-08-27 16:09,16921.874,0.0,31.322,1628.0,0.0,3355041.147,55465115648.0
2026-08-27 16:10,17144.199,0.0,26.978,1650.0,0.0,3371487.889,55432601600.0
2026-08-27 16:11,22986.376,0.0,24.997,1650.0,0.0,4139923.826,55499530240.0
2026-08-27 16:12,32769.238,0.0,22.45,2244.0,0.0,5283303.597,50265448448.0
2026-08-27 16:13,11993.262,0.0,48.535,2222.0,0.0,4045385.801,50385305600.0
2026-08-27 16:14,7.681,0.0,0.908,2229.0,0.001,1418.788,50507649024.0
2026-08-27 16:15,7.647,0.0,0.917,2229.0,0.001,1413.212,50576084992.0
2026-08-27 16:16,7.533,0.0,0.928,2229.0,0.001,1386.256,50575015936.0
2026-08-27 16:17,7.619,0.0,0.862,2229.0,0.001,1408.11,50578522112.0
2026-08-27 16:18,7.715,0.0,0.863,2229.0,0.001,1427.524,50617634816.0
2026-08-27 16:19,7.515,0.0,0.903,2229.0,0.001,1382.55,50602237952.0
2026-08-27 16:20,7.67,0.0,0.858,2229.0,0.001,1415.959,50599587840.0
2026-08-27 16:21,7.649,0.0,0.92,2229.0,0.001,1414.904,50601422848.0
2026-08-27 16:22,7.639,0.0,0.908,2163.0,0.001,1410.437,51413151744.0
2026-08-27 16:23,7.834,0.0,0.86,2142.0,0.001,1456.523,51694436352.0
2026-08-27 16:24,7.667,0.0,0.883,2142.0,0.001,1420.71,51717390336.0
2026-08-27 16:25,7.665,0.0,0.837,2142.0,0.001,1420.256,51715125248.0
2026-08-27 16:26,7.531,0.0,0.937,2142.0,0.001,1388.504,51710889984.0
2026-08-27 16:27,7.67,0.0,0.852,2142.0,0.001,1417.664,51711610880.0
2026-08-27 16:28,7.634,0.0,0.867,2142.0,0.001,1410.994,51714289664.0
2026-08-27 16:29,7.664,0.0,0.838,2142.0,0.001,1419.889,51701538816.0
2026-08-27 16:30,7.536,0.0,0.91,2142.0,0.001,1390.13,51705974784.0
2026-08-27 16:31,7.663,0.0,0.915,2118.0,0.001,1421.408,51946704896.0
2026-08-27 16:32,7.669,0.0,0.857,2118.0,0.001,1417.456,51956068352.0
2026-08-27 16:33,7.53,0.0,0.852,2096.0,0.001,1389.108,52203692032.0
2026-08-27 16:34,7.687,0.0,0.845,2097.0,0.001,1420.773,52200538112.0
2026-08-27 16:35,7.666,0.0,0.825,2097.0,0.001,1417.382,52192583680.0
2026-08-27 16:36,7.665,0.0,0.918,2097.0,0.001,1418.659,52196540416.0
2026-08-27 16:37,7.554,0.0,0.84,2097.0,0.001,1392.989,52195110912.0
2026-08-27 16:38,7.664,0.0,0.837,2097.0,0.001,1418.361,52202012672.0
2026-08-27 16:39,7.669,0.0,0.827,2097.0,0.001,1421.989,52190801920.0
2026-08-27 16:40,7.498,0.0,0.888,2097.0,0.001,1378.178,52186558464.0
2026-08-27 16:41,7.665,0.0,0.922,2097.0,0.001,1417.126,52180475904.0
2026-08-27 16:42,7.664,0.0,0.853,2097.0,0.001,1413.836,52188172288.0
2026-08-27 16:43,7.672,0.0,0.882,2053.0,0.001,1419.715,52726243328.0
2026-08-27 16:44,7.533,0.0,0.862,2053.0,0.001,1386.274,52724338688.0
2026-08-27 16:45,7.661,0.0,0.863,2053.0,0.001,1420.698,52720656384.0
2026-08-27 16:46,7.639,0.0,0.89,2053.0,0.001,1409.064,52725547008.0
2026-08-27 16:47,7.528,0.0,0.828,2053.0,0.001,1382.516,52721848320.0
2026-08-27 16:48,7.672,0.0,0.828,2053.0,0.001,1420.073,52715925504.0
2026-08-27 16:49,7.665,0.0,0.82,2053.0,0.001,1416.831,52716515328.0
2026-08-27 16:50,7.668,0.0,0.838,2053.0,0.001,1419.18,52720115712.0
2026-08-27 16:51,7.568,0.0,0.883,2053.0,0.001,1396.443,52713164800.0
2026-08-27 16:52,7.634,0.0,0.9,2009.0,0.001,1407.838,53129928704.0
2026-08-27 16:53,7.664,0.0,0.802,2009.0,0.001,1416.787,53132795904.0
2026-08-27 16:54,7.534,0.0,0.827,2009.0,0.001,1386.23,53158047744.0
2026-08-27 16:55,7.667,0.0,0.825,2009.0,0.001,1417.085,53152481280.0
2026-08-27 16:56,7.681,0.0,0.89,2009.0,0.001,1421.483,53155356672.0
2026-08-27 16:57,7.668,0.0,0.815,2009.0,0.001,1417.364,53149757440.0
2026-08-27 16:58,7.501,0.0,0.825,2009.0,0.001,1378.657,53149159424.0
2026-08-27 16:59,7.718,0.0,0.807,2009.0,0.001,1429.822,53146013696.0
2026-08-27 17:00,7.716,0.0,0.848,2009.0,0.001,1429.664,53150199808.0
2026-08-27 17:01,7.525,0.0,0.877,2009.0,0.001,1382.942,53175767040.0
2026-08-27 17:02,7.674,0.0,0.863,2009.0,0.001,1420.018,53179211776.0
2026-08-27 17:03,7.665,0.0,0.808,2009.0,0.001,1412.33,53172969472.0
2026-08-27 17:04,7.502,0.0,0.872,1965.0,0.001,1377.051,53683212288.0
2026-08-27 17:05,7.667,0.0,0.822,1965.0,0.001,1415.761,53683277824.0
2026-08-27 17:06,7.667,0.0,0.887,1965.0,0.001,1416.004,53689507840.0
2026-08-27 17:07,7.669,0.0,0.797,1965.0,0.001,1419.59,53682700288.0
2026-08-27 17:08,7.534,0.0,0.813,1965.0,0.001,1386.18,53686038528.0
2026-08-27 17:09,7.662,0.0,0.792,1965.0,0.001,1413.115,53683138560.0
2026-08-27 17:10,7.668,0.0,0.842,1965.0,0.001,1420.294,53688115200.0
2026-08-27 17:11,7.502,0.0,0.867,1965.0,0.001,1380.255,53678968832.0
2026-08-27 17:12,7.664,0.0,0.835,1965.0,0.001,1415.634,53680795648.0
2026-08-27 17:13,7.671,0.0,0.795,1943.0,0.001,1421.255,53882269696.0
2026-08-27 17:14,7.68,0.0,0.855,1943.0,0.001,1422.531,53882728448.0
2026-08-27 17:15,7.535,0.0,0.808,1943.0,0.001,1388.593,53879836672.0
2026-08-27 17:16,7.667,0.0,0.875,1943.0,0.001,1418.878,53875671040.0
2026-08-27 17:17,7.631,0.0,0.793,1943.0,0.001,1412.1,53870624768.0
2026-08-27 17:18,7.536,0.0,0.817,1943.0,0.001,1388.386,53860147200.0
2026-08-27 17:19,7.665,0.0,0.783,1943.0,0.001,1417.15,53853380608.0
2026-08-27 17:20,7.666,0.0,0.82,1943.0,0.001,1420.336,53853122560.0
2026-08-27 17:21,7.665,0.0,0.86,1943.0,0.001,1419.669,53854535680.0
2026-08-27 17:22,7.536,0.0,0.805,1943.0,0.001,1388.066,53851394048.0
2026-08-27 17:23,7.665,0.0,0.79,1943.0,0.001,1416.84,53853794304.0
2026-08-27 17:24,7.634,0.0,0.802,1943.0,0.001,1411.014,53879148544.0
2026-08-27 17:25,7.57,0.0,0.837,1899.0,0.001,1391.42,54407258112.0
2026-08-27 17:26,7.663,0.0,0.898,1899.0,0.001,1415.349,54412247040.0
2026-08-27 17:27,7.667,0.0,0.792,1899.0,0.001,1413.626,54410186752.0
2026-08-27 17:28,7.664,0.0,0.798,1899.0,0.001,1419.796,54411153408.0
2026-08-27 17:29,7.539,0.0,0.775,1899.0,0.001,1391.074,54406873088.0
2026-08-27 17:30,7.632,0.0,0.813,1899.0,0.001,1415.268,54398517248.0
2026-08-27 17:31,7.667,0.0,0.858,1899.0,0.001,1423.152,54387273728.0
2026-08-27 17:32,7.528,0.0,0.812,1899.0,0.001,1391.207,54391939072.0
2026-08-27 17:33,7.69,0.0,0.782,1899.0,0.001,1431.493,54389972992.0
2026-08-27 17:34,7.664,0.0,0.795,1877.0,0.001,1416.501,54630977536.0
2026-08-27 17:35,7.702,0.0,0.838,1877.0,0.001,1433.427,54623100928.0
2026-08-27 17:36,7.499,0.0,0.853,1877.0,0.001,1382.605,54620811264.0
2026-08-27 17:37,7.667,0.0,0.785,1877.0,0.001,1423.247,54617616384.0
2026-08-27 17:38,7.668,0.0,0.82,1877.0,0.001,1422.177,54617260032.0
2026-08-27 17:39,7.581,0.0,0.798,1877.0,0.001,1399.317,54618656768.0
2026-08-27 17:40,7.715,0.0,0.818,1877.0,0.001,1436.631,54624448512.0
2026-08-27 17:41,7.668,0.083,0.838,1877.0,0.001,1423.094,54611808256.0
2026-08-27 17:42,7.501,0.0,0.8,1877.0,0.001,1381.142,54615175168.0
2026-08-27 17:43,6067.257,0.1,1.307,1877.0,0.0,882424.609,54540902400.0
2026-08-27 17:44,7.687,0.0,2.01,0.0,0.001,1419.233,75693391872.0
