time_utc,in_visible,in_deleted,out_visible,out_deleted,dlq_visible,dlq_deleted
2026-08-27 15:50,995745.0,7365.0,0.0,0.0,0.0,0.0
2026-08-27 15:51,987676.0,27094.0,0.0,0.0,0.0,0.0
2026-08-27 15:52,954393.0,21314.0,0.0,0.0,0.0,0.0
2026-08-27 15:53,933862.0,18898.0,0.0,0.0,0.0,0.0
2026-08-27 15:54,933862.0,18107.0,0.0,0.0,0.0,0.0
2026-08-27 15:55,899778.0,17350.0,0.0,0.0,0.0,0.0
2026-08-27 15:56,879659.0,26146.0,0.0,0.0,0.0,0.0
2026-08-27 15:57,873921.0,40981.0,0.0,0.0,0.0,0.0
2026-08-27 15:58,815238.0,65278.0,0.0,0.0,0.0,0.0
2026-08-27 15:59,721697.0,80839.0,0.0,0.0,0.0,0.0
2026-08-27 16:00,676954.0,135088.0,0.0,0.0,0.0,0.0
2026-08-27 16:01,518644.0,79781.0,0.0,0.0,0.0,0.0
2026-08-27 16:02,433102.0,110431.0,0.0,0.0,0.0,0.0
2026-08-27 16:03,399111.0,76139.0,0.0,0.0,0.0,0.0
2026-08-27 16:04,269110.0,96946.0,0.0,0.0,0.0,0.0
2026-08-27 16:05,190167.0,112483.0,0.0,0.0,0.0,0.0
2026-08-27 16:06,49554.0,11271.0,0.0,0.0,0.0,0.0
2026-08-27 16:07,43954.0,30087.0,0.0,0.0,0.0,0.0
2026-08-27 16:08,0.0,19336.0,0.0,0.0,0.0,0.0
2026-08-27 16:09,0.0,439.0,0.0,0.0,0.0,0.0
2026-08-27 16:10,0.0,244.0,0.0,0.0,0.0,0.0
2026-08-27 16:11,0.0,87.0,0.0,0.0,0.0,0.0
2026-08-27 16:12,0.0,37.0,0.0,0.0,0.0,0.0
2026-08-27 16:13,0.0,0.0,0.0,0.0,0.0,0.0
2026-08-27 16:14,0.0,0.0,0.0,0.0,0.0,0.0
2026-08-27 16:15,0.0,0.0,0.0,0.0,0.0,0.0
2026-08-27 16:16,0.0,0.0,0.0,0.0,0.0,0.0
2026-08-27 16:17,0.0,0.0,0.0,0.0,0.0,0.0
2026-08-27 16:18,0.0,0.0,0.0,0.0,0.0,0.0
2026-08-27 16:19,0.0,0.0,0.0,0.0,0.0,0.0
2026-08-27 16:20,0.0,0.0,0.0,0.0,0.0,0.0
2026-08-27 16:21,0.0,0.0,0.0,0.0,0.0,0.0
2026-08-27 16:22,0.0,3.0,0.0,0.0,0.0,0.0
2026-08-27 16:23,0.0,0.0,0.0,0.0,0.0,0.0
2026-08-27 16:24,0.0,0.0,0.0,0.0,0.0,0.0
2026-08-27 16:25,0.0,0.0,0.0,0.0,0.0,0.0
2026-08-27 16:26,0.0,0.0,0.0,0.0,0.0,0.0
2026-08-27 16:27,0.0,0.0,0.0,0.0,0.0,0.0
2026-08-27 16:28,0.0,0.0,0.0,0.0,0.0,0.0
2026-08-27 16:29,0.0,0.0,0.0,0.0,0.0,0.0
2026-08-27 16:30,0.0,0.0,0.0,0.0,0.0,0.0
2026-08-27 16:31,0.0,0.0,0.0,0.0,0.0,0.0
2026-08-27 16:32,0.0,0.0,0.0,0.0,0.0,0.0
2026-08-27 16:33,0.0,0.0,0.0,0.0,0.0,0.0
2026-08-27 16:34,0.0,0.0,0.0,0.0,0.0,0.0
2026-08-27 16:35,0.0,0.0,0.0,0.0,0.0,0.0
2026-08-27 16:36,0.0,0.0,0.0,0.0,0.0,0.0
2026-08-27 16:37,0.0,0.0,0.0,0.0,0.0,0.0
2026-08-27 16:38,0.0,0.0,0.0,0.0,0.0,0.0
2026-08-27 16:39,0.0,0.0,0.0,0.0,0.0,0.0
2026-08-27 16:40,0.0,0.0,0.0,0.0,0.0,0.0
2026-08-27 16:41,0.0,0.0,0.0,0.0,0.0,0.0
2026-08-27 16:42,0.0,0.0,0.0,0.0,1.0,0.0
2026-08-27 16:43,0.0,0.0,0.0,0.0,1.0,0.0
2026-08-27 16:44,0.0,0.0,0.0,0.0,1.0,0.0
2026-08-27 16:45,0.0,0.0,0.0,0.0,1.0,0.0
2026-08-27 16:46,0.0,0.0,0.0,0.0,1.0,0.0
2026-08-27 16:47,0.0,0.0,0.0,0.0,1.0,0.0
2026-08-27 16:48,0.0,0.0,0.0,0.0,1.0,0.0
2026-08-27 16:49,0.0,0.0,0.0,0.0,1.0,0.0
2026-08-27 16:50,0.0,0.0,0.0,0.0,1.0,0.0
2026-08-27 16:51,0.0,0.0,0.0,0.0,1.0,0.0
2026-08-27 16:52,0.0,0.0,0.0,0.0,1.0,0.0
2026-08-27 16:53,0.0,0.0,0.0,0.0,1.0,0.0
2026-08-27 16:54,0.0,0.0,0.0,0.0,1.0,0.0
2026-08-27 16:55,0.0,0.0,0.0,0.0,1.0,0.0
2026-08-27 16:56,0.0,0.0,0.0,0.0,1.0,0.0
2026-08-27 16:57,0.0,0.0,0.0,0.0,1.0,0.0
2026-08-27 16:58,0.0,0.0,0.0,0.0,1.0,0.0
2026-08-27 16:59,0.0,0.0,0.0,0.0,1.0,0.0
2026-08-27 17:00,0.0,0.0,0.0,0.0,1.0,0.0
2026-08-27 17:01,0.0,0.0,0.0,0.0,1.0,0.0
2026-08-27 17:02,0.0,0.0,0.0,0.0,1.0,0.0
2026-08-27 17:03,0.0,0.0,0.0,0.0,1.0,0.0
2026-08-27 17:04,0.0,0.0,0.0,0.0,1.0,0.0
2026-08-27 17:05,0.0,0.0,0.0,0.0,1.0,0.0
2026-08-27 17:06,0.0,0.0,0.0,0.0,1.0,0.0
2026-08-27 17:07,0.0,0.0,0.0,0.0,1.0,0.0
2026-08-27 17:08,0.0,0.0,0.0,0.0,1.0,0.0
2026-08-27 17:09,0.0,0.0,0.0,0.0,1.0,0.0
2026-08-27 17:10,0.0,0.0,0.0,0.0,1.0,0.0
2026-08-27 17:11,0.0,0.0,0.0,0.0,1.0,0.0
2026-08-27 17:12,0.0,0.0,0.0,0.0,1.0,0.0
2026-08-27 17:13,0.0,0.0,0.0,0.0,1.0,0.0
2026-08-27 17:14,0.0,0.0,0.0,0.0,1.0,0.0
2026-08-27 17:15,0.0,0.0,0.0,0.0,1.0,0.0
2026-08-27 17:16,0.0,0.0,0.0,0.0,1.0,0.0
2026-08-27 17:17,0.0,0.0,0.0,0.0,1.0,0.0
2026-08-27 17:18,0.0,0.0,0.0,0.0,1.0,0.0
2026-08-27 17:19,0.0,0.0,0.0,0.0,1.0,0.0
2026-08-27 17:20,0.0,0.0,0.0,0.0,1.0,0.0
2026-08-27 17:21,0.0,0.0,0.0,0.0,1.0,0.0
2026-08-27 17:22,0.0,0.0,0.0,0.0,1.0,0.0
2026-08-27 17:23,0.0,0.0,0.0,0.0,1.0,0.0
2026-08-27 17:24,0.0,0.0,0.0,0.0,1.0,0.0
2026-08-27 17:25,0.0,0.0,0.0,0.0,1.0,0.0
2026-08-27 17:26,0.0,0.0,0.0,0.0,1.0,0.0
2026-08-27 17:27,0.0,0.0,0.0,0.0,1.0,0.0
2026-08-27 17:28,0.0,0.0,0.0,0.0,1.0,0.0
2026-08-27 17:29,0.0,0.0,0.0,0.0,1.0,0.0
2026-08-27 17:30,0.0,0.0,0.0,0.0,1.0,0.0
2026-08-27 17:31,0.0,0.0,0.0,0.0,1.0,0.0
2026-08-27 17:32,0.0,0.0,0.0,0.0,1.0,0.0
2026-08-27 17:33,0.0,0.0,0.0,0.0,1.0,0.0
2026-08-27 17:34,0.0,0.0,0.0,0.0,1.0,0.0
2026-08-27 17:35,0.0,0.0,0.0,0.0,1.0,0.0
2026-08-27 17:36,0.0,0.0,0.0,0.0,1.0,0.0
2026-08-27 17:37,0.0,0.0,0.0,0.0,1.0,0.0
2026-08-27 17:38,0.0,0.0,0.0,0.0,1.0,0.0
2026-08-27 17:39,0.0,0.0,0.0,0.0,1.0,0.0
2026-08-27 17:40,0.0,0.0,0.0,0.0,1.0,0.0
2026-08-27 17:41,0.0,0.0,0.0,0.0,1.0,0.0
2026-08-27 17:42,0.0,0.0,0.0,0.0,1.0,0.0
2026-08-27 17:43,0.0,0.0,0.0,0.0,1.0,0.0
2026-08-27 17:44,0.0,0.0,0.0,0.0,1.0,0.0
