match_key,count
,62244233
+NAME+ADDRESS+PHONE+SSN,1737383
+NAME+ADDRESS+PHONE,1151259
+NAME+ADDRESS+PHONE+SSN+ACCT_NUM,1030252
+NAME+DOB+ADDRESS+PHONE+SSN,988196
+NAME+PHONE+SSN,914606
+NAME+ADDRESS+PHONE+ACCT_NUM,747645
+NAME+ADDRESS+SSN,732011
+NAME+ADDRESS+PHONE+SSN+DRLIC,715458
+NAME+DOB+ADDRESS+PHONE,639509
+NAME+PHONE,568638
+NAME+ADDRESS+PHONE+SSN+PASSPORT,563293
+PNAME+ADDRESS+PHONE+SSN,562367
+NAME+PHONE+SSN+ACCT_NUM,546784
+NAME+DOB+ADDRESS+PHONE+SSN+ACCT_NUM,534624
+NAME+ADDRESS+PHONE+DRLIC,518383
+NAME+DOB+PHONE+SSN,490916
+NAME+DOB+ADDRESS+PHONE+ACCT_NUM,452794
+NAME+ADDRESS+SSN+ACCT_NUM,443192
+NAME+ADDRESS,439275
+NAME+DOB+ADDRESS+SSN,397960
+NAME+ADDRESS+PHONE+PASSPORT,397673
+NAME+PHONE+ACCT_NUM,396331
+NAME+ADDRESS+PHONE+SSN+DRLIC+ACCT_NUM,389869
+NAME+SSN,386738
+NAME+DOB+ADDRESS+PHONE+SSN+DRLIC,383531
+NAME+PHONE+SSN+DRLIC,378762
+PNAME+ADDRESS+PHONE+SSN+ACCT_NUM,342445
+NAME+ADDRESS+ACCT_NUM,320434
+NAME+ADDRESS+PHONE+DRLIC+ACCT_NUM,317724
+PNAME+PHONE+SSN,311596
+NAME+DOB+ADDRESS+PHONE+DRLIC,311058
+PNAME+DOB+ADDRESS+PHONE+SSN,307622
+NAME+ADDRESS+SSN+DRLIC,306210
+NAME+ADDRESS+PHONE+SSN+PASSPORT+ACCT_NUM,304647
+NAME+DOB+ADDRESS+PHONE+SSN+PASSPORT,304163
+NAME+PHONE+SSN+PASSPORT,291141
+NAME+DOB+PHONE+SSN+ACCT_NUM,277313
+NAME+DOB+PHONE,272911
+NAME+PHONE+DRLIC,268702
+NAME+ADDRESS+PHONE+PASSPORT+ACCT_NUM,250324
+PNAME+ADDRESS+PHONE+ACCT_NUM,249776
+PNAME+ADDRESS+SSN,249019
+NAME+DOB+ADDRESS+PHONE+PASSPORT,246795
+PNAME+ADDRESS+PHONE+SSN+DRLIC,237918
+NAME+SSN+ACCT_NUM,235734
+NAME+ADDRESS+SSN+PASSPORT,235591
+NAME+DOB+ADDRESS+SSN+ACCT_NUM,228602
+NAME+DOB+PHONE+ACCT_NUM,228178
+NAME+DOB+ADDRESS,227947
+NAME+ADDRESS+DRLIC,217086
+NAME+ADDRESS+PHONE+SSN+DRLIC+PASSPORT,215276
+NAME+PHONE+SSN+DRLIC+ACCT_NUM,206052
+NAME+DOB+SSN,200368
+NAME+PHONE+PASSPORT,198157
+NAME+DOB+ADDRESS+PHONE+SSN+DRLIC+ACCT_NUM,195339
+NAME+DOB+PHONE+SSN+DRLIC,193629
+NAME+ACCT_NUM,191404
+PNAME+PHONE+SSN+ACCT_NUM,190831
+NAME+DOB+ADDRESS+PHONE+DRLIC+ACCT_NUM,186725
+PNAME+DOB+ADDRESS+PHONE+SSN+ACCT_NUM,185974
+NAME+DOB+ADDRESS+ACCT_NUM,185234
+PNAME+ADDRESS+PHONE+SSN+PASSPORT,182864
+NAME+ADDRESS+PHONE+DRLIC+PASSPORT,173859
+NAME+ADDRESS+SSN+DRLIC+ACCT_NUM,169559
+NAME+SSN+DRLIC,163723
+PNAME+DOB+PHONE+SSN,161878
+NAME+ADDRESS+PASSPORT,159695
+NAME+PHONE+SSN+PASSPORT+ACCT_NUM,159601
+NAME+DOB+ADDRESS+SSN+DRLIC,158672
+PNAME+PHONE+ACCT_NUM,154402
+NAME+DOB+PHONE+SSN+PASSPORT,151849
+NAME+DOB+ADDRESS+PHONE+SSN+PASSPORT+ACCT_NUM,151608
+PNAME+ADDRESS+SSN+ACCT_NUM,151143
+NAME+DOB+PHONE+DRLIC,150618
+NAME+PHONE+DRLIC+ACCT_NUM,149307
+NAME+DOB+ADDRESS+PHONE+PASSPORT+ACCT_NUM,147072
+PNAME+DOB+ADDRESS+PHONE,144001
+PNAME+DOB+ADDRESS+PHONE+ACCT_NUM,141954
+PNAME+ADDRESS+PHONE+SSN+DRLIC+ACCT_NUM,136576
+PNAME+PHONE+SSN+DRLIC,131627
+NAME+ADDRESS+SSN+PASSPORT+ACCT_NUM,131541
+PNAME+SSN,130367
+PNAME+DOB+ADDRESS+SSN,129550
+PNAME+DOB+ADDRESS+PHONE+SSN+DRLIC,127190
+NAME+DOB+ADDRESS+SSN+PASSPORT,125732
+PNAME+ADDRESS+ACCT_NUM,123704
+NAME+DOB+ADDRESS+DRLIC,123026
+NAME+ADDRESS+DRLIC+ACCT_NUM,122740
+NAME+SSN+PASSPORT,121980
+PNAME+ADDRESS+PHONE+PASSPORT,121583
+PNAME+ADDRESS+PHONE+DRLIC,117618
+NAME+ADDRESS+PHONE+DRLIC+PASSPORT+ACCT_NUM,116186
+NAME+DOB+SSN+ACCT_NUM,115806
+NAME+PHONE+PASSPORT+ACCT_NUM,115573
+NAME+DOB+PHONE+PASSPORT,115152
+NAME+ADDRESS+PHONE+SSN+DRLIC+PASSPORT+ACCT_NUM,112477
+NAME+PHONE+SSN+DRLIC+PASSPORT,111951
+NAME+DOB+ADDRESS+PHONE+SSN+DRLIC+PASSPORT,111007
+PNAME+ADDRESS+PHONE+SSN+PASSPORT+ACCT_NUM,107628
+PNAME+ADDRESS+SSN+DRLIC,104995
+NAME+DOB+ADDRESS+PHONE+DRLIC+PASSPORT,104122
+PNAME+DOB+ADDRESS+PHONE+SSN+PASSPORT,99857
+PNAME+PHONE+SSN+PASSPORT,99127
+NAME+DOB+ACCT_NUM,98798
+NAME+DOB+PHONE+SSN+DRLIC+ACCT_NUM,98771
+PNAME+DOB+ADDRESS+PHONE+DRLIC,98317
+PNAME+ADDRESS+PHONE+DRLIC+ACCT_NUM,97040
+NAME+ADDRESS+PASSPORT+ACCT_NUM,96693
+PNAME+DOB+PHONE+SSN+ACCT_NUM,96314
+PNAME+SSN+ACCT_NUM,95918
+NAME+DOB+ADDRESS+PASSPORT,94126
+NAME+ADDRESS+SSN+DRLIC+PASSPORT,92009
+NAME+DOB,90794
+NAME+DOB+PHONE+DRLIC+ACCT_NUM,89849
+NAME+SSN+DRLIC+ACCT_NUM,88258
+NAME+DOB+ADDRESS+SSN+DRLIC+ACCT_NUM,82771
+NAME+DOB+SSN+DRLIC,80876
+NAME+PHONE+DRLIC+PASSPORT,80503
+NAME+DRLIC,79791
+PNAME+DOB+PHONE+ACCT_NUM,78856
+PNAME+ADDRESS+SSN+PASSPORT,78810
+PNAME+DOB+ADDRESS+SSN+ACCT_NUM,77307
+NAME+DOB+PHONE+SSN+PASSPORT+ACCT_NUM,76569
+PNAME+DOB+ADDRESS+PHONE+SSN+DRLIC+ACCT_NUM,74092
+PNAME+DOB+SSN,73845
+PNAME+ADDRESS+PHONE+SSN+DRLIC+PASSPORT,73763
+PNAME+ADDRESS+PHONE+PASSPORT+ACCT_NUM,73532
+NAME+DOB+ADDRESS+DRLIC+ACCT_NUM,73357
+PNAME+DOB+ADDRESS+PHONE+PASSPORT,73311
+PNAME+PHONE+SSN+DRLIC+ACCT_NUM,71567
+NAME+PASSPORT,70862
+NAME+DOB+PHONE+PASSPORT+ACCT_NUM,69651
+NAME+SSN+PASSPORT+ACCT_NUM,68434
+DOB+ADDRESS+PHONE+SSN,67144
+NAME+ADDRESS+DRLIC+PASSPORT,66168
+PNAME+DOB+PHONE+SSN+DRLIC,65704
+NAME+DOB+DRLIC,64601
+PNAME+PHONE+DRLIC,64598
+NAME+DOB+ADDRESS+SSN+PASSPORT+ACCT_NUM,64242
+PNAME+DOB+ADDRESS+ACCT_NUM,62804
+NAME+DOB+SSN+PASSPORT,61933
+NAME+DRLIC+ACCT_NUM,59598
+PNAME+DOB+ADDRESS+PHONE+SSN+PASSPORT+ACCT_NUM,59024
+NAME+DOB+ADDRESS+PHONE+SSN+DRLIC+PASSPORT+ACCT_NUM,58978
+NAME+DOB+ADDRESS+PHONE+DRLIC+PASSPORT+ACCT_NUM,58910
+PNAME+DOB+ADDRESS+PHONE+DRLIC+ACCT_NUM,58907
+PNAME+ADDRESS+SSN+DRLIC+ACCT_NUM,58521
+PNAME+SSN+DRLIC,57799
+PNAME+PHONE+PASSPORT,57516
+NAME+DOB+ADDRESS+PASSPORT+ACCT_NUM,57382
+NAME+PHONE+SSN+DRLIC+PASSPORT+ACCT_NUM,56590
+PNAME+PHONE+SSN+PASSPORT+ACCT_NUM,55982
+NAME+DOB+PHONE+SSN+DRLIC+PASSPORT,54160
+PNAME+DOB+ADDRESS+SSN+DRLIC,53596
+PNAME+DOB+PHONE+DRLIC,52316
+PNAME+PHONE+DRLIC+ACCT_NUM,52127
+PNAME+ADDRESS+PHONE+DRLIC+PASSPORT,51238
+PNAME+ADDRESS+DRLIC,51072
+PNAME+DOB+PHONE+SSN+PASSPORT,50717
+NAME+ADDRESS+SSN+DRLIC+PASSPORT+ACCT_NUM,48501
+NAME+DOB+PHONE+DRLIC+PASSPORT,48068
+NAME+PHONE+DRLIC+PASSPORT+ACCT_NUM,47921
+NAME+SSN+DRLIC+PASSPORT,47352
+PNAME+SSN+PASSPORT,46942
+NAME+DOB+ADDRESS+SSN+DRLIC+PASSPORT,46364
+PNAME+ADDRESS+PASSPORT,45992
+NAME+DOB+PASSPORT,45710
+PNAME+DOB+ADDRESS+PHONE+PASSPORT+ACCT_NUM,45688
+NAME+PASSPORT+ACCT_NUM,45658
+PNAME+ADDRESS+SSN+PASSPORT+ACCT_NUM,45286
+PNAME+DOB+SSN+ACCT_NUM,44940
+NAME+DOB+SSN+DRLIC+ACCT_NUM,43310
+DOB+ADDRESS+PHONE+SSN+ACCT_NUM,42880
+PNAME+DOB+ADDRESS+DRLIC,42678
+PNAME+ADDRESS+DRLIC+ACCT_NUM,42285
+PNAME+ADDRESS+PHONE+SSN+DRLIC+PASSPORT+ACCT_NUM,41503
+PNAME+DOB+ADDRESS+SSN+PASSPORT,41337
+PNAME+DOB+ACCT_NUM,40596
+NAME+ADDRESS+DRLIC+PASSPORT+ACCT_NUM,40527
+PNAME+PHONE+PASSPORT+ACCT_NUM,40051
+NAME+DOB+ADDRESS+DRLIC+PASSPORT,39722
+PNAME+DOB+ADDRESS+PHONE+SSN+DRLIC+PASSPORT,39431
+PNAME+PHONE+SSN+DRLIC+PASSPORT,38516
+PNAME+DOB+PHONE+PASSPORT,37480
+DOB+ADDRESS+PHONE+SSN+DRLIC,36884
+NAME+DOB+DRLIC+ACCT_NUM,36668
+PNAME+DOB+PHONE+SSN+DRLIC+ACCT_NUM,35859
+PNAME+SSN+DRLIC+ACCT_NUM,35467
+NAME+DOB+SSN+PASSPORT+ACCT_NUM,33705
+PNAME+ADDRESS+PASSPORT+ACCT_NUM,32699
+PNAME+DOB+ADDRESS+PHONE+DRLIC+PASSPORT,31766
+PNAME+ADDRESS+SSN+DRLIC+PASSPORT,31431
+PNAME+DOB+SSN+DRLIC,31304
+DOB+ADDRESS+PHONE+SSN+PASSPORT,30759
+PNAME+ADDRESS+PHONE+DRLIC+PASSPORT+ACCT_NUM,30749
+PNAME+DOB+ADDRESS+PASSPORT,30630
+PNAME+DOB+ADDRESS+SSN+DRLIC+ACCT_NUM,30021
+PNAME+DOB+PHONE+DRLIC+ACCT_NUM,29342
+SURNAME+DOB+ADDRESS+PHONE+SSN,28587
+NAME+DOB+PASSPORT+ACCT_NUM,28493
+NAME+DRLIC+PASSPORT,28455
+PNAME+DOB+PHONE+SSN+PASSPORT+ACCT_NUM,28453
+DOB+PHONE+SSN,27669
+NAME+DOB+PHONE+DRLIC+PASSPORT+ACCT_NUM,27295
+NAME+DOB+PHONE+SSN+DRLIC+PASSPORT+ACCT_NUM,27081
+PNAME+SSN+PASSPORT+ACCT_NUM,26849
+NAME+SSN+DRLIC+PASSPORT+ACCT_NUM,25772
+DOB+ADDRESS+PHONE+SSN+DRLIC+ACCT_NUM,25649
+PNAME+PHONE+DRLIC+PASSPORT,24737
+PNAME+DOB+SSN+PASSPORT,23782
+PNAME+DOB+ADDRESS+DRLIC+ACCT_NUM,23716
+NAME+DOB+ADDRESS+SSN+DRLIC+PASSPORT+ACCT_NUM,23565
+NAME+DOB+SSN+DRLIC+PASSPORT,23357
+PNAME+DOB+ADDRESS+PHONE+SSN+DRLIC+PASSPORT+ACCT_NUM,23304
+NAME+DOB+ADDRESS+DRLIC+PASSPORT+ACCT_NUM,23191
+PNAME+DOB+ADDRESS+SSN+PASSPORT+ACCT_NUM,23067
+PNAME+DOB+PHONE+PASSPORT+ACCT_NUM,22762
+DOB+ADDRESS+PHONE+SSN+PASSPORT+ACCT_NUM,22013
+PNAME+PHONE+SSN+DRLIC+PASSPORT+ACCT_NUM,20504
+PNAME+ADDRESS+DRLIC+PASSPORT,20214
+PNAME+DOB+ADDRESS+PHONE+DRLIC+PASSPORT+ACCT_NUM,19476
+NAME+DOB+DRLIC+PASSPORT,19255
+SURNAME+DOB+ADDRESS+PHONE+SSN+ACCT_NUM,19064
+PNAME+DOB+PHONE+SSN+DRLIC+PASSPORT,18865
+PNAME+DOB+ADDRESS+PASSPORT+ACCT_NUM,18745
+DOB+ADDRESS+SSN,17998
+PNAME+SSN+DRLIC+PASSPORT,17942
+PNAME+ADDRESS+SSN+DRLIC+PASSPORT+ACCT_NUM,17189
+NAME+DRLIC+PASSPORT+ACCT_NUM,17051
+PNAME+DOB+SSN+DRLIC+ACCT_NUM,16568
+PNAME+DOB+DRLIC,16133
+SURNAME+DOB+ADDRESS+PHONE+SSN+DRLIC,15979
+PNAME+DOB+ADDRESS+SSN+DRLIC+PASSPORT,15938
+PNAME+DOB+PHONE+DRLIC+PASSPORT,15711
+DOB+ADDRESS+PHONE+SSN+DRLIC+PASSPORT,15291
+DOB+PHONE+SSN+ACCT_NUM,15259
+PNAME+PHONE+DRLIC+PASSPORT+ACCT_NUM,15122
+PNAME+DOB+PASSPORT,14746
+SURNAME+DOB+ADDRESS+PHONE+SSN+PASSPORT,13771
+PNAME+DOB+DRLIC+ACCT_NUM,13711
+DOB+PHONE+SSN+DRLIC,13640
+PNAME+DOB+ADDRESS+DRLIC+PASSPORT,13039
+PNAME+DOB+SSN+PASSPORT+ACCT_NUM,12998
+PNAME+ADDRESS+DRLIC+PASSPORT+ACCT_NUM,12597
+NAME+DOB+SSN+DRLIC+PASSPORT+ACCT_NUM,12155
+DOB+ADDRESS+PHONE+SSN+DRLIC+PASSPORT+ACCT_NUM,11669
+SURNAME+DOB+ADDRESS+PHONE+SSN+DRLIC+ACCT_NUM,11172
+NAME+DOB+DRLIC+PASSPORT+ACCT_NUM,11119
+PNAME+DOB+PASSPORT+ACCT_NUM,10887
+DOB+PHONE+SSN+PASSPORT,10823
+SURNAME+DOB+PHONE+SSN,10460
+PNAME+DOB+PHONE+SSN+DRLIC+PASSPORT+ACCT_NUM,10254
+PNAME+SSN+DRLIC+PASSPORT+ACCT_NUM,9886
+DOB+ADDRESS+SSN+ACCT_NUM,9798
+SURNAME+DOB+ADDRESS+PHONE+SSN+PASSPORT+ACCT_NUM,9736
+PNAME+DOB+SSN+DRLIC+PASSPORT,9012
+PNAME+DOB+PHONE+DRLIC+PASSPORT+ACCT_NUM,8996
+DOB+ADDRESS+SSN+DRLIC,8959
+PNAME+DOB+ADDRESS+SSN+DRLIC+PASSPORT+ACCT_NUM,8816
+DOB+PHONE+SSN+DRLIC+ACCT_NUM,8174
+PNAME+DOB+ADDRESS+DRLIC+PASSPORT+ACCT_NUM,7502
+DOB+ADDRESS+SSN+PASSPORT,7176
+SURNAME+DOB+ADDRESS+SSN,6874
+SURNAME+DOB+ADDRESS+PHONE+SSN+DRLIC+PASSPORT,6791
+DOB+PHONE+SSN+PASSPORT+ACCT_NUM,6788
+PNAME+DOB+DRLIC+PASSPORT,6539
+SURNAME+DOB+PHONE+SSN+ACCT_NUM,6261
+DOB+ADDRESS+SSN+DRLIC+ACCT_NUM,5534
+SURNAME+DOB+PHONE+SSN+DRLIC,5501
+SURNAME+DOB+ADDRESS+PHONE+SSN+DRLIC+PASSPORT+ACCT_NUM,4916
+DOB+PHONE+SSN+DRLIC+PASSPORT,4848
+PNAME+DOB+SSN+DRLIC+PASSPORT+ACCT_NUM,4554
+DOB+ADDRESS+SSN+PASSPORT+ACCT_NUM,4523
+NAME+ADDRESS+PHONE+SSN+LOGIN_ID,4506
+SURNAME+DOB+PHONE+SSN+PASSPORT,4354
+PNAME+DOB+DRLIC+PASSPORT+ACCT_NUM,4140
+SURNAME+DOB+ADDRESS+SSN+ACCT_NUM,4054
+SURNAME+DOB+PHONE+SSN+DRLIC+ACCT_NUM,3554
+SURNAME+DOB+ADDRESS+SSN+DRLIC,3517
+DOB+PHONE+SSN+DRLIC+PASSPORT+ACCT_NUM,3363
+DOB+ADDRESS+SSN+DRLIC+PASSPORT,3312
+LIKELY_NAME+ADDRESS+PHONE+SSN,3064
+NAME+ADDRESS+PHONE+LOGIN_ID,3048
+SURNAME+DOB+PHONE+SSN+PASSPORT+ACCT_NUM,3030
+SURNAME+DOB+ADDRESS+SSN+PASSPORT,3002
+DOB+ADDRESS+SSN+DRLIC+PASSPORT+ACCT_NUM,2435
+NAME+ADDRESS+PHONE+SSN+LOGIN_ID+ACCT_NUM,2420
+NAME+PHONE+SSN+LOGIN_ID,2359
+NAME+DOB+ADDRESS+PHONE+SSN+LOGIN_ID,2319
+SURNAME+DOB+ADDRESS+SSN+DRLIC+ACCT_NUM,2235
+SURNAME+DOB+PHONE+SSN+DRLIC+PASSPORT,2176
+SURNAME+DOB+ADDRESS+SSN+PASSPORT+ACCT_NUM,2069
+NAME+DOB+ADDRESS+PHONE+LOGIN_ID,2031
+NAME+ADDRESS+SSN+LOGIN_ID,1937
+NAME+ADDRESS+PHONE+LOGIN_ID+ACCT_NUM,1879
+NAME+ADDRESS+PHONE+SSN+DRLIC+LOGIN_ID,1713
+NAME+PHONE+LOGIN_ID,1661
+LIKELY_NAME+ADDRESS+PHONE+SSN+ACCT_NUM,1547
+LIKELY_NAME+DOB+ADDRESS+PHONE+SSN,1519
+SURNAME+DOB+PHONE+SSN+DRLIC+PASSPORT+ACCT_NUM,1468
+PNAME+ADDRESS+PHONE+SSN+LOGIN_ID,1419
+LIKELY_NAME+ADDRESS+PHONE+ACCT_NUM,1415
+NAME+ADDRESS+PHONE+DRLIC+LOGIN_ID,1405
+SURNAME+DOB+ADDRESS+SSN+DRLIC+PASSPORT,1397
+NAME+ADDRESS+PHONE+SSN+PASSPORT+LOGIN_ID,1363
+ADDRESS+PHONE+SSN+PNAME,1355
+NAME+ADDRESS+LOGIN_ID,1301
+NAME+PHONE+SSN+LOGIN_ID+ACCT_NUM,1262
+LIKELY_NAME+ADDRESS+PHONE+SSN+DRLIC,1238
+NAME+DOB+PHONE+SSN+LOGIN_ID,1217
+LIKELY_NAME+DOB+ADDRESS+PHONE,1182
+NAME+DOB+ADDRESS+PHONE+LOGIN_ID+ACCT_NUM,1140
+NAME+ADDRESS+SSN+LOGIN_ID+ACCT_NUM,1131
+NAME+ADDRESS+PHONE+PASSPORT+LOGIN_ID,1062
+PHONE+SSN+PNAME,1022
+SURNAME+DOB+ADDRESS+SSN+DRLIC+PASSPORT+ACCT_NUM,1012
+NAME+DOB+ADDRESS+PHONE+SSN+LOGIN_ID+ACCT_NUM,1009
+NAME+DOB+ADDRESS+SSN+LOGIN_ID,989
+NAME+SSN+LOGIN_ID,983
+LIKELY_NAME+DOB+ADDRESS+PHONE+SSN+ACCT_NUM,961
+NAME+DOB+PHONE+LOGIN_ID,957
+PNAME+ADDRESS+PHONE+LOGIN_ID,954
+NAME+ADDRESS+PHONE+DRLIC+LOGIN_ID+ACCT_NUM,914
+NAME+PHONE+SSN+DRLIC+LOGIN_ID,908
+LIKELY_NAME+ADDRESS+PHONE+SSN+PASSPORT,906
+NAME+PHONE+LOGIN_ID+ACCT_NUM,867
+PNAME+DOB+ADDRESS+PHONE+SSN+LOGIN_ID,832
+PNAME+ADDRESS+PHONE+SSN+LOGIN_ID+ACCT_NUM,824
+NAME+DOB+ADDRESS+LOGIN_ID,810
+ADDRESS+SSN+PNAME,804
+NAME+LOGIN_ID,801
+PNAME+PHONE+SSN+LOGIN_ID,795
+NAME+DOB+ADDRESS+PHONE+DRLIC+LOGIN_ID,760
+NAME+DOB+ADDRESS+PHONE+SSN+DRLIC+LOGIN_ID,755
+NAME+ADDRESS+PHONE+PASSPORT+LOGIN_ID+ACCT_NUM,736
+NAME+ADDRESS+PHONE+SSN+DRLIC+LOGIN_ID+ACCT_NUM,732
+NAME+ADDRESS+LOGIN_ID+ACCT_NUM,726
+NAME+PHONE+SSN+PASSPORT+LOGIN_ID,722
+LIKELY_NAME+ADDRESS+PHONE+PASSPORT,716
+LIKELY_NAME+DOB+ADDRESS+PHONE+ACCT_NUM,709
+NAME+ADDRESS+SSN+DRLIC+LOGIN_ID,704
+PNAME+ADDRESS+SSN+LOGIN_ID,675
+NAME+DOB+ADDRESS+PHONE+PASSPORT+LOGIN_ID,674
+LIKELY_NAME+ADDRESS+PHONE+SSN+DRLIC+ACCT_NUM,674
+ADDRESS+PHONE+ACCT_NUM+PNAME,671
+LIKELY_NAME+ADDRESS+PHONE+DRLIC,650
+NAME+PHONE+DRLIC+LOGIN_ID,641
+PNAME+PHONE+LOGIN_ID,638
+NAME+ADDRESS+PHONE+SSN+PASSPORT+LOGIN_ID+ACCT_NUM,620
+LIKELY_NAME+DOB+ADDRESS+PHONE+SSN+DRLIC,617
+PNAME+DOB+ADDRESS+PHONE+LOGIN_ID,607
+NAME+DOB+PHONE+SSN+LOGIN_ID+ACCT_NUM,601
+LIKELY_NAME+DOB+PHONE+SSN,601
+NAME+DOB+ADDRESS+PHONE+SSN+PASSPORT+LOGIN_ID,579
+SSN+PNAME,572
+NAME+DOB+PHONE+LOGIN_ID+ACCT_NUM,563
+LIKELY_NAME+ADDRESS+PHONE+SSN+PASSPORT+ACCT_NUM,563
+ADDRESS+PHONE+SSN+ACCT_NUM+PNAME,559
+PHONE+ACCT_NUM+PNAME,541
+NAME+SSN+LOGIN_ID+ACCT_NUM,537
+NAME+ADDRESS+SSN+PASSPORT+LOGIN_ID,532
+NAME+DOB+SSN+LOGIN_ID,523
+PNAME+ADDRESS+PHONE+SSN+DRLIC+LOGIN_ID,521
+LIKELY_NAME+ADDRESS+PHONE+DRLIC+ACCT_NUM,520
+LIKELY_NAME+DOB+ADDRESS+PHONE+SSN+PASSPORT,517
+LIKELY_NAME+DOB+ADDRESS+PHONE+DRLIC,515
+NAME+ADDRESS+DRLIC+LOGIN_ID,512
+NAME+ADDRESS+PHONE+DRLIC+PASSPORT+LOGIN_ID,507
+SURNAME+ADDRESS+PHONE+SSN,495
+NAME+PHONE+PASSPORT+LOGIN_ID,482
+PNAME+ADDRESS+LOGIN_ID,477
+LIKELY_NAME+DOB+PHONE+SSN+ACCT_NUM,476
+NAME+DOB+ADDRESS+SSN+LOGIN_ID+ACCT_NUM,475
+PNAME+ADDRESS+PHONE+LOGIN_ID+ACCT_NUM,471
+NAME+ADDRESS+PHONE+SSN+DRLIC+PASSPORT+LOGIN_ID,467
+DOB+ADDRESS+PHONE+SSN+PNAME,465
+NAME+DOB+ADDRESS+LOGIN_ID+ACCT_NUM,463
+NAME+DOB+PHONE+SSN+DRLIC+LOGIN_ID,456
+PNAME+SSN+LOGIN_ID,455
+PNAME+PHONE+SSN+LOGIN_ID+ACCT_NUM,447
+ADDRESS+ACCT_NUM+PNAME,446
+NAME+ADDRESS+SSN+DRLIC+LOGIN_ID+ACCT_NUM,446
+LIKELY_NAME+DOB+ADDRESS+SSN,441
+PNAME+ADDRESS+PHONE+SSN+PASSPORT+LOGIN_ID,439
+PNAME+DOB+ADDRESS+PHONE+SSN+LOGIN_ID+ACCT_NUM,437
+NAME+DOB+ADDRESS+PHONE+DRLIC+LOGIN_ID+ACCT_NUM,432
+NAME+PHONE+SSN+DRLIC+LOGIN_ID+ACCT_NUM,432
+LIKELY_NAME+ADDRESS+PHONE+SSN+DRLIC+PASSPORT,418
+NAME+DOB+PHONE+DRLIC+LOGIN_ID,418
+PNAME+DOB+PHONE+SSN+LOGIN_ID,413
+PHONE+SSN+ACCT_NUM+PNAME,399
+NAME+ADDRESS+PASSPORT+LOGIN_ID,398
+LIKELY_NAME+ADDRESS+PHONE+PASSPORT+ACCT_NUM,396
+PNAME+ADDRESS+PHONE+DRLIC+LOGIN_ID,392
+LIKELY_NAME+DOB+ADDRESS+SSN+ACCT_NUM,386
+LIKELY_NAME+DOB+ADDRESS+PHONE+PASSPORT,381
+NAME+PHONE+DRLIC+LOGIN_ID+ACCT_NUM,376
+LIKELY_NAME+DOB+ADDRESS+PHONE+SSN+DRLIC+ACCT_NUM,371
+ADDRESS+PHONE+SSN+DRLIC+PNAME,367
+NAME+PHONE+SSN+PASSPORT+LOGIN_ID+ACCT_NUM,361
+LIKELY_NAME+DOB+ADDRESS+PHONE+SSN+PASSPORT+ACCT_NUM,361
+NAME+SSN+DRLIC+LOGIN_ID,361
+NAME+DOB+LOGIN_ID,359
+DOB+ADDRESS+PHONE+PNAME,358
+NAME+DOB+ADDRESS+SSN+DRLIC+LOGIN_ID,357
+PNAME+DOB+ADDRESS+SSN+LOGIN_ID,355
+PNAME+ADDRESS+SSN+LOGIN_ID+ACCT_NUM,354
+NAME+DOB+ADDRESS+PHONE+PASSPORT+LOGIN_ID+ACCT_NUM,352
+NAME+LOGIN_ID+ACCT_NUM,348
+NAME+ADDRESS+PHONE+DRLIC+PASSPORT+LOGIN_ID+ACCT_NUM,341
+NAME+ADDRESS+DRLIC+LOGIN_ID+ACCT_NUM,341
+DOB+PHONE+SSN+PNAME,337
+SURNAME+ADDRESS+PHONE+SSN+ACCT_NUM,333
+PNAME+DOB+ADDRESS+PHONE+LOGIN_ID+ACCT_NUM,332
+NAME+DOB+PHONE+PASSPORT+LOGIN_ID,329
+PNAME+DOB+PHONE+LOGIN_ID,328
+PNAME+DOB+ADDRESS+PHONE+SSN+DRLIC+LOGIN_ID,324
+PNAME+ADDRESS+PHONE+PASSPORT+LOGIN_ID,323
+PNAME+PHONE+SSN+DRLIC+LOGIN_ID,323
+ADDRESS+SSN+ACCT_NUM+PNAME,323
+SSN+ACCT_NUM+PNAME,322
+NAME+PHONE+PASSPORT+LOGIN_ID+ACCT_NUM,313
+PNAME+ADDRESS+PHONE+SSN+DRLIC+LOGIN_ID+ACCT_NUM,312
+NAME+DOB+ADDRESS+DRLIC+LOGIN_ID,309
+ADDRESS+PHONE+PASSPORT+PNAME,309
+NAME+DOB+PHONE+SSN+PASSPORT+LOGIN_ID,309
+NAME+SSN+PASSPORT+LOGIN_ID,300
+LIKELY_NAME+DOB+ADDRESS+PHONE+DRLIC+ACCT_NUM,299
+NAME+DOB+ADDRESS+PASSPORT+LOGIN_ID,297
+ADDRESS+PHONE+DRLIC+PNAME,296
+LIKELY_NAME+DOB+SSN,295
+NAME+DOB+ADDRESS+PHONE+SSN+DRLIC+LOGIN_ID+ACCT_NUM,293
+NAME+ADDRESS+SSN+PASSPORT+LOGIN_ID+ACCT_NUM,290
+PHONE+SSN+DRLIC+PNAME,287
+LIKELY_NAME+ADDRESS+PHONE+DRLIC+PASSPORT,284
+PNAME+PHONE+LOGIN_ID+ACCT_NUM,282
+NAME+DOB+ADDRESS+SSN+PASSPORT+LOGIN_ID,266
+LIKELY_NAME+DOB+PHONE+SSN+DRLIC,266
+NAME+DOB+SSN+LOGIN_ID+ACCT_NUM,264
+ADDRESS+PHONE+SSN+PASSPORT+PNAME,260
+DOB+ADDRESS+SSN+PNAME,259
+SURNAME+ADDRESS+PHONE+ACCT_NUM,259
+NAME+ADDRESS+PASSPORT+LOGIN_ID+ACCT_NUM,257
+PNAME+ADDRESS+SSN+DRLIC+LOGIN_ID,257
+ADDRESS+SSN+DRLIC+PNAME,257
+NAME+DOB+ADDRESS+PHONE+DRLIC+PASSPORT+LOGIN_ID,251
+PNAME+DOB+ADDRESS+PHONE+SSN+PASSPORT+LOGIN_ID,249
+PNAME+DOB+ADDRESS+LOGIN_ID,247
+PNAME+PHONE+SSN+PASSPORT+LOGIN_ID,246
+NAME+PHONE+SSN+DRLIC+PASSPORT+LOGIN_ID,245
+DOB+ADDRESS+PHONE+ACCT_NUM+PNAME,241
+PNAME+ADDRESS+PHONE+SSN+PASSPORT+LOGIN_ID+ACCT_NUM,236
+PNAME+PHONE+DRLIC+LOGIN_ID,234
+PHONE+PASSPORT+PNAME,233
+LIKELY_NAME+DOB+ADDRESS+PHONE+PASSPORT+ACCT_NUM,233
+DOB+SSN+PNAME,232
+NAME+ADDRESS+SSN+DRLIC+PASSPORT+LOGIN_ID,229
+PNAME+ADDRESS+PHONE+DRLIC+LOGIN_ID+ACCT_NUM,229
+NAME+DOB+ADDRESS+PHONE+SSN+PASSPORT+LOGIN_ID+ACCT_NUM,227
+LIKELY_NAME+ADDRESS+PHONE+SSN+DRLIC+PASSPORT+ACCT_NUM,224
+LIKELY_NAME+DOB+ADDRESS+SSN+DRLIC,223
+PHONE+SSN+PASSPORT+PNAME,222
+NAME+DRLIC+LOGIN_ID,222
+NAME+DOB+PHONE+DRLIC+LOGIN_ID+ACCT_NUM,221
+LIKELY_NAME+DOB+ADDRESS+PHONE+SSN+DRLIC+PASSPORT,220
+PNAME+DOB+ADDRESS+PHONE+DRLIC+LOGIN_ID,217
+PNAME+SSN+LOGIN_ID+ACCT_NUM,216
+NAME+DOB+LOGIN_ID+ACCT_NUM,212
+LIKELY_NAME+DOB+PHONE+SSN+PASSPORT,211
+PNAME+DOB+PHONE+SSN+LOGIN_ID+ACCT_NUM,209
+NAME+DOB+ADDRESS+DRLIC+LOGIN_ID+ACCT_NUM,207
+SURNAME+ADDRESS+PHONE+SSN+DRLIC,206
+PNAME+DOB+ADDRESS+PHONE+PASSPORT+LOGIN_ID,205
+PNAME+ADDRESS+PHONE+PASSPORT+LOGIN_ID+ACCT_NUM,204
+NAME+ADDRESS+DRLIC+PASSPORT+LOGIN_ID,201
+LIKELY_NAME+DOB+SSN+ACCT_NUM,201
+NAME+SSN+DRLIC+LOGIN_ID+ACCT_NUM,197
+PNAME+ADDRESS+LOGIN_ID+ACCT_NUM,197
+LIKELY_NAME+DOB+ADDRESS+SSN+PASSPORT,196
+PHONE+DRLIC+PNAME,196
+NAME+PASSPORT+LOGIN_ID,193
+PNAME+ADDRESS+SSN+PASSPORT+LOGIN_ID,192
+LIKELY_NAME+ADDRESS+PHONE+DRLIC+PASSPORT+ACCT_NUM,190
+DOB+PHONE+ACCT_NUM+PNAME,190
+NAME+PHONE+DRLIC+PASSPORT+LOGIN_ID,189
+LIKELY_NAME+DOB+PHONE+SSN+DRLIC+ACCT_NUM,189
+NAME+DOB+ADDRESS+PHONE+SSN+DRLIC+PASSPORT+LOGIN_ID,189
+ADDRESS+DRLIC+PNAME,188
+PNAME+DOB+SSN+LOGIN_ID,181
+NAME+DOB+SSN+DRLIC+LOGIN_ID,180
+DOB+ADDRESS+PHONE+DRLIC+PNAME,179
+PNAME+DOB+PHONE+LOGIN_ID+ACCT_NUM,179
+NAME+DOB+PHONE+PASSPORT+LOGIN_ID+ACCT_NUM,177
+PNAME+ADDRESS+PHONE+SSN+DRLIC+PASSPORT+LOGIN_ID,176
+PNAME+ADDRESS+DRLIC+LOGIN_ID,176
+SSN+DRLIC+PNAME,176
+ADDRESS+SSN+PASSPORT+PNAME,174
+DOB+ADDRESS+PHONE+SSN+ACCT_NUM+PNAME,172
+NAME+DOB+DRLIC+LOGIN_ID,171
+PNAME+DOB+ADDRESS+SSN+LOGIN_ID+ACCT_NUM,171
+NAME+DOB+PHONE+SSN+DRLIC+LOGIN_ID+ACCT_NUM,169
+ADDRESS+PHONE+DRLIC+ACCT_NUM+PNAME,169
+LIKELY_NAME+DOB+ADDRESS+SSN+DRLIC+ACCT_NUM,167
+SURNAME+ADDRESS+PHONE+SSN+PASSPORT,167
+NAME+ADDRESS+PHONE+SSN-DRLIC,166
+LIKELY_NAME+DOB+ADDRESS+PHONE+DRLIC+PASSPORT,166
+PNAME+DOB+ADDRESS+PHONE+SSN+PASSPORT+LOGIN_ID+ACCT_NUM,162
+NAME+ADDRESS+PHONE+SSN+DRLIC+PASSPORT+LOGIN_ID+ACCT_NUM,161
+PNAME+DOB+ADDRESS+PHONE+DRLIC+LOGIN_ID+ACCT_NUM,159
+ADDRESS+PASSPORT+PNAME,158
+SURNAME+DOB+ADDRESS+PHONE,157
+LIKELY_NAME+DOB+PHONE+SSN+PASSPORT+ACCT_NUM,155
+NAME+DOB+ADDRESS+SSN+DRLIC+LOGIN_ID+ACCT_NUM,153
+DOB+ACCT_NUM+PNAME,152
+PNAME+DOB+LOGIN_ID,151
+NAME+PHONE+DRLIC+PASSPORT+LOGIN_ID+ACCT_NUM,151
+DOB+ADDRESS+ACCT_NUM+PNAME,150
+PNAME+SSN+DRLIC+LOGIN_ID,150
+PNAME+SSN+PASSPORT+LOGIN_ID,150
+NAME+SSN+PASSPORT+LOGIN_ID+ACCT_NUM,148
+DOB+ADDRESS+PHONE+SSN+LOGIN_ID,147
+NAME+DOB+PHONE+SSN+PASSPORT+LOGIN_ID+ACCT_NUM,147
+PNAME+DOB+ADDRESS+PHONE+SSN+DRLIC+LOGIN_ID+ACCT_NUM,144
+NAME+DOB+SSN+PASSPORT+LOGIN_ID,142
+SURNAME+ADDRESS+PHONE+SSN+DRLIC+ACCT_NUM,141
+LIKELY_NAME+DOB+ADDRESS+PHONE+SSN+DRLIC+PASSPORT+ACCT_NUM,140
+PNAME+DOB+ADDRESS+SSN+DRLIC+LOGIN_ID,138
+PNAME+PHONE+PASSPORT+LOGIN_ID,137
+NAME+DOB+ADDRESS+PASSPORT+LOGIN_ID+ACCT_NUM,137
+ADDRESS+PHONE+SSN+DRLIC+ACCT_NUM+PNAME,137
+NAME+DOB+ADDRESS+PHONE+SSN-DRLIC,136
+DOB+PHONE+SSN+ACCT_NUM+PNAME,136
+PNAME+PHONE+SSN+DRLIC+LOGIN_ID+ACCT_NUM,136
+PNAME+DOB+PHONE+SSN+DRLIC+LOGIN_ID,136
+NAME+DOB+ADDRESS+SSN+PASSPORT+LOGIN_ID+ACCT_NUM,134
+LIKELY_NAME+DOB+SSN+DRLIC,134
+NAME+DRLIC+LOGIN_ID+ACCT_NUM,133
+PNAME+DOB+ADDRESS+LOGIN_ID+ACCT_NUM,132
+DOB+ADDRESS+PHONE+SSN+DRLIC+PNAME,132
+LIKELY_NAME+DOB+ADDRESS+SSN+PASSPORT+ACCT_NUM,130
+NAME+ADDRESS+PHONE+SSN+ACCT_NUM-DRLIC,129
+PHONE+DRLIC+ACCT_NUM+PNAME,129
+NAME+DOB+PHONE+DRLIC+PASSPORT+LOGIN_ID,129
+SURNAME+DOB+ADDRESS+PHONE+ACCT_NUM,128
+PNAME+ADDRESS+PHONE+DRLIC+PASSPORT+LOGIN_ID,126
+NAME+DOB+PASSPORT+LOGIN_ID,125
+SSN+PASSPORT+PNAME,125
+ADDRESS+PHONE+PASSPORT+ACCT_NUM+PNAME,124
+PNAME+ADDRESS+SSN+DRLIC+LOGIN_ID+ACCT_NUM,123
+PNAME+ADDRESS+PASSPORT+LOGIN_ID,122
+PNAME+DOB+PHONE+SSN+PASSPORT+LOGIN_ID,119
+LIKELY_NAME+DOB+ADDRESS+PHONE+DRLIC+PASSPORT+ACCT_NUM,117
+PNAME+PHONE+SSN+PASSPORT+LOGIN_ID+ACCT_NUM,117
+SURNAME+ADDRESS+PHONE+PASSPORT,115
+PNAME+DOB+PHONE+DRLIC+LOGIN_ID,114
+PNAME+DOB+ADDRESS+PHONE+PASSPORT+LOGIN_ID+ACCT_NUM,114
+SURNAME+ADDRESS+PHONE+DRLIC,112
+DOB+PHONE+DRLIC+PNAME,110
+PNAME+DOB+SSN+LOGIN_ID+ACCT_NUM,110
+NAME+ADDRESS+DRLIC+PASSPORT+LOGIN_ID+ACCT_NUM,109
+DOB+ADDRESS+PHONE+SSN+DRLIC+LOGIN_ID,108
+NAME+DOB+ADDRESS+PHONE+DRLIC+PASSPORT+LOGIN_ID+ACCT_NUM,107
+NAME+DOB+ADDRESS+PHONE+SSN+ACCT_NUM-DRLIC,107
+PNAME+DOB+PHONE+PASSPORT+LOGIN_ID,105
+NAME+SSN+DRLIC+PASSPORT+LOGIN_ID,104
+NAME+PHONE+SSN+DRLIC+PASSPORT+LOGIN_ID+ACCT_NUM,102
+PNAME+PHONE+DRLIC+LOGIN_ID+ACCT_NUM,102
+NAME+DOB+SSN+DRLIC+LOGIN_ID+ACCT_NUM,102
+PNAME+ADDRESS+SSN+PASSPORT+LOGIN_ID+ACCT_NUM,101
+PHONE+SSN+DRLIC+ACCT_NUM+PNAME,101
+PNAME+SSN+DRLIC+LOGIN_ID+ACCT_NUM,101
+DOB+ADDRESS+PHONE+PASSPORT+PNAME,101
+NAME+DOB+PHONE+SSN+DRLIC+PASSPORT+LOGIN_ID,99
+SURNAME+ADDRESS+PHONE+SSN+PASSPORT+ACCT_NUM,99
+ADDRESS+PHONE+SSN+PASSPORT+ACCT_NUM+PNAME,99
+PNAME+DOB+ADDRESS+DRLIC+LOGIN_ID,98
+PNAME+DOB+ADDRESS+SSN+PASSPORT+LOGIN_ID,97
+DOB+ADDRESS+DRLIC+PNAME,96
+ADDRESS+PASSPORT+ACCT_NUM+PNAME,95
+PHONE+PASSPORT+ACCT_NUM+PNAME,94
+DOB+SSN+ACCT_NUM+PNAME,94
+SURNAME+DOB+ADDRESS+PHONE+DRLIC,93
+PNAME+DOB+LOGIN_ID+ACCT_NUM,93
+ADDRESS+SSN+DRLIC+ACCT_NUM+PNAME,92
+PNAME+ADDRESS+PHONE+SSN+DRLIC+PASSPORT+LOGIN_ID+ACCT_NUM,92
+PNAME+ADDRESS+DRLIC+LOGIN_ID+ACCT_NUM,91
+DOB+ADDRESS+PHONE+SSN+PASSPORT+PNAME,90
+ADDRESS+DRLIC+ACCT_NUM+PNAME,90
+NAME+DOB+ADDRESS+DRLIC+PASSPORT+LOGIN_ID,89
+PNAME+DOB+ADDRESS+PHONE+SSN+DRLIC+PASSPORT+LOGIN_ID,88
+NAME+DOB+ADDRESS+SSN+DRLIC+PASSPORT+LOGIN_ID,86
+PNAME+PHONE+SSN+DRLIC+PASSPORT+LOGIN_ID,84
+LIKELY_NAME+DOB+SSN+PASSPORT,84
+NAME+ADDRESS+SSN+DRLIC+PASSPORT+LOGIN_ID+ACCT_NUM,84
+NAME+PASSPORT+LOGIN_ID+ACCT_NUM,83
+DOB+PHONE+PASSPORT+PNAME,83
+PNAME+DOB+ADDRESS+PHONE+DRLIC+PASSPORT+LOGIN_ID,83
+SURNAME+ADDRESS+PHONE+DRLIC+ACCT_NUM,82
+LIKELY_NAME+DOB+PHONE+SSN+DRLIC+PASSPORT,82
+NAME+DOB+ADDRESS+PHONE+ACCT_NUM-DRLIC,81
+DOB+ADDRESS+PHONE+SSN+LOGIN_ID+ACCT_NUM,81
+PNAME+ADDRESS+PASSPORT+LOGIN_ID+ACCT_NUM,81
+ADDRESS+PHONE+SSN+DRLIC+PASSPORT+PNAME,81
+PNAME+PHONE+PASSPORT+LOGIN_ID+ACCT_NUM,81
+PNAME+DOB+SSN+DRLIC+LOGIN_ID,80
+PNAME+ADDRESS+SSN+DRLIC+PASSPORT+LOGIN_ID,79
+PNAME+DOB+PHONE+SSN+DRLIC+LOGIN_ID+ACCT_NUM,79
+PNAME+SSN+PASSPORT+LOGIN_ID+ACCT_NUM,79
+PNAME+ADDRESS+PHONE+DRLIC+PASSPORT+LOGIN_ID+ACCT_NUM,78
+LIKELY_NAME+DOB+SSN+DRLIC+ACCT_NUM,78
+PNAME+DOB+ADDRESS+PASSPORT+LOGIN_ID,78
+DOB+ADDRESS+SSN+ACCT_NUM+PNAME,78
+ADDRESS+PHONE+DRLIC+PASSPORT+PNAME,77
+PHONE+SSN+PASSPORT+ACCT_NUM+PNAME,77
+NAME+DOB+SSN+PASSPORT+LOGIN_ID+ACCT_NUM,77
+DOB+ADDRESS+SSN+DRLIC+PNAME,76
+LIKELY_NAME+DOB+ADDRESS+SSN+DRLIC+PASSPORT,75
+DOB+PHONE+SSN+DRLIC+PNAME,75
+DOB+ADDRESS+PASSPORT+PNAME,75
+DOB+ADDRESS+PHONE+SSN+PASSPORT+LOGIN_ID,75
+SURNAME+ADDRESS+PHONE+SSN+DRLIC+PASSPORT,74
+SURNAME+DOB+ADDRESS+PHONE+SSN+LOGIN_ID,74
+SURNAME+ADDRESS+PHONE+PASSPORT+ACCT_NUM,74
+NAME+DOB+PASSPORT+LOGIN_ID+ACCT_NUM,73
+NAME+DOB+DRLIC+LOGIN_ID+ACCT_NUM,71
+NAME+DOB+ADDRESS+PHONE+SSN+DRLIC+PASSPORT+LOGIN_ID+ACCT_NUM,69
+SURNAME+DOB+ADDRESS+PHONE+PASSPORT,69
+NAME+ADDRESS+PHONE+SSN+PASSPORT-DRLIC,69
+DOB+SSN+DRLIC+PNAME,69
+PNAME+DOB+PHONE+DRLIC+LOGIN_ID+ACCT_NUM,67
+LIKELY_NAME+DOB+PHONE+SSN+DRLIC+PASSPORT+ACCT_NUM,67
+PNAME+DOB+SSN+PASSPORT+LOGIN_ID,66
+NAME+PHONE+SSN-DRLIC,65
+DOB+ADDRESS+PHONE+DRLIC+ACCT_NUM+PNAME,65
+NAME+DOB+ADDRESS+PHONE+SSN+PASSPORT-DRLIC,64
+LIKELY_NAME+DOB+ADDRESS+SSN+DRLIC+PASSPORT+ACCT_NUM,64
+ADDRESS+SSN+PASSPORT+ACCT_NUM+PNAME,63
+SSN+DRLIC+ACCT_NUM+PNAME,62
+DOB+PHONE+SSN+PASSPORT+PNAME,62
+NAME+SSN+DRLIC+PASSPORT+LOGIN_ID+ACCT_NUM,62
+NAME+DOB+ADDRESS+SSN-DRLIC,61
+SSN+PASSPORT+ACCT_NUM+PNAME,60
+ADDRESS+SSN+DRLIC+PASSPORT+PNAME,60
+DOB+ADDRESS+PHONE+SSN+PASSPORT+LOGIN_ID+ACCT_NUM,59
+NAME+DRLIC+PASSPORT+LOGIN_ID,59
+NAME+PHONE+SSN+ACCT_NUM-DRLIC,59
+PNAME+DOB+PHONE+SSN+PASSPORT+LOGIN_ID+ACCT_NUM,59
+PHONE+DRLIC+PASSPORT+PNAME,58
+DOB+SSN+PASSPORT+PNAME,58
+PNAME+PHONE+DRLIC+PASSPORT+LOGIN_ID,58
+NAME+DOB+PHONE+DRLIC+PASSPORT+LOGIN_ID+ACCT_NUM,58
+NAME+ADDRESS+SSN+ACCT_NUM-DRLIC,57
+PNAME+DOB+ADDRESS+SSN+DRLIC+LOGIN_ID+ACCT_NUM,56
+PNAME+DOB+DRLIC+LOGIN_ID,56
+NAME+DOB+PHONE+SSN-DRLIC,55
+DOB+PHONE+SSN+LOGIN_ID,55
+DOB+ADDRESS+SSN+PASSPORT+PNAME,55
+SURNAME+ADDRESS+PHONE+DRLIC+PASSPORT,55
+DOB+DRLIC+PNAME,54
+NAME+ADDRESS+SSN-DRLIC,54
+PNAME+DOB+PHONE+PASSPORT+LOGIN_ID+ACCT_NUM,53
+ADDRESS+DRLIC+PASSPORT+PNAME,52
+SURNAME+DOB+ADDRESS+PHONE+DRLIC+ACCT_NUM,52
+SURNAME+DOB+SSN,52
+DOB+PASSPORT+PNAME,51
+DOB+ADDRESS+PHONE+SSN+DRLIC+LOGIN_ID+ACCT_NUM,51
+PHONE+SSN+DRLIC+PASSPORT+PNAME,50
+SURNAME+ADDRESS+PHONE+SSN+DRLIC+PASSPORT+ACCT_NUM,50
+PNAME+DOB+ADDRESS+DRLIC+LOGIN_ID+ACCT_NUM,50
+PNAME+DOB+ADDRESS+SSN+PASSPORT+LOGIN_ID+ACCT_NUM,50
+NAME+DOB+ADDRESS+DRLIC+PASSPORT+LOGIN_ID+ACCT_NUM,49
+LIKELY_NAME+DOB+SSN+PASSPORT+ACCT_NUM,49
+DOB+ADDRESS+PHONE+SSN+DRLIC+ACCT_NUM+PNAME,49
+DOB+ADDRESS+PHONE+SSN+SURNAME,47
+NAME+DOB+PHONE+SSN+DRLIC+PASSPORT+LOGIN_ID+ACCT_NUM,46
+PNAME+DOB+ADDRESS+PHONE+DRLIC+PASSPORT+LOGIN_ID+ACCT_NUM,46
+PNAME+SSN+DRLIC+PASSPORT+LOGIN_ID,46
+NAME+DOB+PHONE+SSN+ACCT_NUM-DRLIC,45
+NAME+ADDRESS+PHONE+SSN+PASSPORT+ACCT_NUM-DRLIC,45
+PNAME+DOB+PASSPORT+LOGIN_ID,44
+PNAME+DOB+ADDRESS+SSN+DRLIC+PASSPORT+LOGIN_ID,44
+DOB+ADDRESS+PHONE+SSN+DRLIC+PASSPORT+LOGIN_ID,43
+NAME+DOB+DRLIC+PASSPORT+LOGIN_ID,43
+PNAME+DOB+ADDRESS+PASSPORT+LOGIN_ID+ACCT_NUM,43
+DOB+ADDRESS+PHONE+PASSPORT+ACCT_NUM+PNAME,43
+DOB+ADDRESS+SSN+LOGIN_ID,42
+NAME+DOB+PHONE+ACCT_NUM-SSN,42
+PNAME+DOB+PHONE+SSN+DRLIC+PASSPORT+LOGIN_ID,42
+NAME+DOB+SSN+DRLIC+PASSPORT+LOGIN_ID,41
+LIKELY_NAME+DOB+SSN+DRLIC+PASSPORT,41
+PNAME+DOB+SSN+DRLIC+LOGIN_ID+ACCT_NUM,40
+PNAME+ADDRESS+DRLIC+PASSPORT+LOGIN_ID,40
+NAME+DOB+ADDRESS+PHONE+ACCT_NUM-SSN,40
+PNAME+DOB+SSN+PASSPORT+LOGIN_ID+ACCT_NUM,39
+PNAME+ADDRESS+SSN+DRLIC+PASSPORT+LOGIN_ID+ACCT_NUM,39
+SURNAME+DOB+ADDRESS+PHONE+SSN+LOGIN_ID+ACCT_NUM,39
+DOB+PHONE+DRLIC+ACCT_NUM+PNAME,38
+SURNAME+DOB+ADDRESS+PHONE+PASSPORT+ACCT_NUM,38
+DOB+ADDRESS+DRLIC+ACCT_NUM+PNAME,37
+SURNAME+DOB+SSN+ACCT_NUM,37
+DOB+PHONE+SSN+DRLIC+ACCT_NUM+PNAME,36
+PNAME+PHONE+SSN+DRLIC+PASSPORT+LOGIN_ID+ACCT_NUM,36
+NAME+DOB+ADDRESS+SSN+DRLIC+PASSPORT+LOGIN_ID+ACCT_NUM,35
+NAME+DOB+ADDRESS+ACCT_NUM-SSN,35
+PNAME+DOB+ADDRESS+PHONE+SSN+DRLIC+PASSPORT+LOGIN_ID+ACCT_NUM,35
+PNAME+DOB+SSN+DRLIC+PASSPORT+LOGIN_ID,35
+PNAME+DOB+DRLIC+LOGIN_ID+ACCT_NUM,34
+NAME+DOB+ADDRESS+PHONE+SSN+PASSPORT+ACCT_NUM-DRLIC,33
+PNAME+PHONE+DRLIC+PASSPORT+LOGIN_ID+ACCT_NUM,33
+NAME+DOB+ADDRESS+SSN+ACCT_NUM-DRLIC,33
+DOB+ADDRESS+PASSPORT+ACCT_NUM+PNAME,33
+SSN+DRLIC+PASSPORT+PNAME,33
+NAME+DOB+DRLIC+PASSPORT+LOGIN_ID+ACCT_NUM,32
+PNAME+DOB+PHONE+DRLIC+PASSPORT+LOGIN_ID,32
+PNAME+DOB+ADDRESS+DRLIC+PASSPORT+LOGIN_ID,32
+NAME+DOB+PHONE+ACCT_NUM-DRLIC,32
+PNAME+DOB+ADDRESS+PHONE+SSN-DRLIC,31
+DOB+PHONE+SSN+LOGIN_ID+ACCT_NUM,31
+SURNAME+DOB+ADDRESS+PHONE+SSN+DRLIC+LOGIN_ID,30
+DOB+ADDRESS+PHONE+SSN+PASSPORT+ACCT_NUM+PNAME,30
+NAME+DRLIC+PASSPORT+LOGIN_ID+ACCT_NUM,30
+NAME+DOB+ADDRESS+ACCT_NUM-DRLIC,30
+SURNAME+DOB+ADDRESS+PHONE+SSN+PASSPORT+LOGIN_ID,30
+NAME+DOB+ADDRESS+PHONE+PASSPORT+ACCT_NUM-DRLIC,29
+SURNAME+DOB+ADDRESS+PHONE+DRLIC+PASSPORT,29
+DOB+ADDRESS+DRLIC+PASSPORT+PNAME,29
+DOB+PHONE+SSN+PASSPORT+ACCT_NUM+PNAME,28
+DOB+DRLIC+ACCT_NUM+PNAME,28
+NAME+DOB+SSN+DRLIC+PASSPORT+LOGIN_ID+ACCT_NUM,28
+NAME+ADDRESS+SSN+PASSPORT-DRLIC,28
+SURNAME+DOB+ADDRESS+PHONE+SSN+DRLIC+LOGIN_ID+ACCT_NUM,27
+DOB+ADDRESS+PHONE+SSN+ACCT_NUM+SURNAME,27
+SURNAME+ADDRESS+PHONE+DRLIC+PASSPORT+ACCT_NUM,27
+NAME+PHONE+SSN+PASSPORT-DRLIC,27
+ADDRESS+PHONE+DRLIC+PASSPORT+ACCT_NUM+PNAME,27
+DOB+ADDRESS+PHONE+SSN+DRLIC+PASSPORT+LOGIN_ID+ACCT_NUM,26
+PNAME+DOB+PASSPORT+LOGIN_ID+ACCT_NUM,26
+NAME+PHONE+SSN+PASSPORT+ACCT_NUM-DRLIC,25
+PNAME+ADDRESS+DRLIC+PASSPORT+LOGIN_ID+ACCT_NUM,25
+SURNAME+DOB+SSN+DRLIC,25
+DOB+ADDRESS+SSN+LOGIN_ID+ACCT_NUM,25
+DOB+ADDRESS+SSN+DRLIC+ACCT_NUM+PNAME,24
+SURNAME+DOB+PHONE+SSN+LOGIN_ID,24
+DOB+PASSPORT+ACCT_NUM+PNAME,24
+DOB+PHONE+PASSPORT+ACCT_NUM+PNAME,24
+DOB+PHONE+SSN+SURNAME,24
+DOB+PHONE+DRLIC+PASSPORT+PNAME,23
+DOB+PHONE+SSN+DRLIC+LOGIN_ID,23
+SURNAME+DOB+ADDRESS+PHONE+SSN+PASSPORT+LOGIN_ID+ACCT_NUM,23
+PNAME+DOB+ADDRESS+PHONE+SSN+ACCT_NUM-DRLIC,23
+PNAME+DOB+PHONE+SSN+DRLIC+PASSPORT+LOGIN_ID+ACCT_NUM,23
+NAME+DOB+ADDRESS+PHONE+PASSPORT-DRLIC,22
+PHONE+SSN+DRLIC+PASSPORT+ACCT_NUM+PNAME,22
+DOB+SSN+DRLIC+ACCT_NUM+PNAME,22
+SURNAME+DOB+SSN+PASSPORT,22
+ADDRESS+DRLIC+PASSPORT+ACCT_NUM+PNAME,22
+DOB+PHONE+SSN+DRLIC+PASSPORT+PNAME,21
+LIKELY_NAME+DOB+SSN+DRLIC+PASSPORT+ACCT_NUM,21
+DOB+PHONE+SSN+PASSPORT+LOGIN_ID+ACCT_NUM,21
+DOB+PHONE+SSN+PASSPORT+LOGIN_ID,21
+ADDRESS+PHONE+SSN+DRLIC+PASSPORT+ACCT_NUM+PNAME,21
+PHONE+DRLIC+PASSPORT+ACCT_NUM+PNAME,20
+DOB+ADDRESS+SSN+PASSPORT+ACCT_NUM+PNAME,19
+NAME+DOB+SSN+ACCT_NUM-DRLIC,19
+DOB+ADDRESS+SSN+DRLIC+PASSPORT+PNAME,19
+DOB+ADDRESS+PHONE+SSN+PASSPORT+SURNAME,19
+DOB+PHONE+SSN+DRLIC+LOGIN_ID+ACCT_NUM,19
+NAME+DOB+ADDRESS+PASSPORT+ACCT_NUM-DRLIC,19
+NAME+DOB+ADDRESS+PHONE+ACCT_NUM-SSN-PASSPORT,18
+DOB+ADDRESS+PHONE+SSN+DRLIC+PASSPORT+PNAME,18
+SURNAME+DOB+ADDRESS+PHONE+DRLIC+PASSPORT+ACCT_NUM,18
+NAME+DOB+ADDRESS+SSN+PASSPORT-DRLIC,18
+DOB+ADDRESS+PHONE+DRLIC+PASSPORT+PNAME,17
+SSN+DRLIC+PASSPORT+ACCT_NUM+PNAME,17
+DOB+ADDRESS+SSN+SURNAME,17
+NAME+ADDRESS+PHONE+SSN-DOB,16
+NAME+DOB+SSN-DRLIC,16
+ADDRESS+SSN+DRLIC+PASSPORT+ACCT_NUM+PNAME,16
+SURNAME+DOB+ADDRESS+PHONE+SSN+DRLIC+PASSPORT+LOGIN_ID+ACCT_NUM,16
+NAME+DOB+PHONE+SSN+PASSPORT-DRLIC,16
+PNAME+DOB+ADDRESS+SSN+DRLIC+PASSPORT+LOGIN_ID+ACCT_NUM,15
+SURNAME+DOB+ADDRESS+SSN+LOGIN_ID+ACCT_NUM,15
+SURNAME+DOB+PHONE+SSN+LOGIN_ID+ACCT_NUM,15
+NAME+ADDRESS+PHONE+SSN-PASSPORT,15
+PNAME+DOB+PHONE+DRLIC+PASSPORT+LOGIN_ID+ACCT_NUM,14
+DOB+ADDRESS+SSN+DRLIC+LOGIN_ID,14
+NAME+DOB+PHONE+ACCT_NUM-PASSPORT,14
+PNAME+DOB+DRLIC+PASSPORT+LOGIN_ID,14
+PNAME+DOB+ADDRESS+PHONE+SSN+PASSPORT-DRLIC,14
+DOB+ADDRESS+SSN+DRLIC+LOGIN_ID+ACCT_NUM,13
+NAME+DOB+PHONE+SSN+PASSPORT+ACCT_NUM-DRLIC,13
+DOB+ADDRESS+SSN+PASSPORT+LOGIN_ID,13
+SURNAME+DOB+SSN+DRLIC+ACCT_NUM,13
+NAME+ADDRESS+PHONE+SSN+ACCT_NUM-PASSPORT,13
+PNAME+SSN+DRLIC+PASSPORT+LOGIN_ID+ACCT_NUM,13
+NAME+ADDRESS+SSN+PASSPORT+ACCT_NUM-DRLIC,13
+NAME+DOB+PHONE+PASSPORT-DRLIC,13
+NAME+DOB+ADDRESS+DRLIC-SSN,13
+DOB+ADDRESS+SSN+PASSPORT+LOGIN_ID+ACCT_NUM,13
+DOB+ADDRESS+PHONE+SSN+DRLIC+PASSPORT+ACCT_NUM+PNAME,12
+PNAME+DOB+DRLIC+PASSPORT+LOGIN_ID+ACCT_NUM,12
+PNAME+DOB+ADDRESS+DRLIC+PASSPORT+LOGIN_ID+ACCT_NUM,12
+NAME+DOB+ADDRESS+PHONE+ACCT_NUM-PASSPORT,12
+NAME+DOB+ADDRESS+ACCT_NUM-SSN-PASSPORT,12
+DOB+SSN+PASSPORT+ACCT_NUM+PNAME,12
+SURNAME+DOB+ADDRESS+PHONE+SSN+DRLIC+PASSPORT+LOGIN_ID,12
+NAME+DOB+PHONE+DRLIC-SSN,12
+DOB+SSN+DRLIC+PASSPORT+PNAME,11
+PNAME+DOB+PHONE+SSN+ACCT_NUM-DRLIC,11
+DOB+ADDRESS+PHONE+DRLIC+PASSPORT+ACCT_NUM+PNAME,11
+SURNAME+DOB+SSN+PASSPORT+ACCT_NUM,11
+DOB+ADDRESS+PHONE+SSN+DRLIC+SURNAME,11
+NAME+DOB+PHONE+ACCT_NUM-SSN-PASSPORT,11
+SURNAME+DOB+PHONE+SSN+DRLIC+LOGIN_ID,11
+SURNAME+DOB+PHONE+SSN+DRLIC+LOGIN_ID+ACCT_NUM,11
+SURNAME+DOB+PHONE+SSN+PASSPORT+LOGIN_ID,11
+DOB+DRLIC+PASSPORT+PNAME,10
+DOB+PHONE+SSN+DRLIC+SURNAME,10
+SSN,10
+SURNAME+DOB+ADDRESS+SSN+DRLIC+LOGIN_ID,10
+NAME+PHONE+SSN-PASSPORT,10
+ADDRESS+PHONE+SSN+LIKELY_NAME,10
+NAME+DOB+SSN+PASSPORT+ACCT_NUM-DRLIC,10
+DOB+ADDRESS+DRLIC+PASSPORT+ACCT_NUM+PNAME,9
+NAME+ADDRESS+SSN+ACCT_NUM-DOB,9
+NAME+DOB+ADDRESS+PHONE+DRLIC-SSN,9
+NAME+DOB+ADDRESS+ACCT_NUM-PASSPORT,9
+DOB+PHONE+SSN+DRLIC+PASSPORT+LOGIN_ID,9
+NAME+PHONE+SSN+ACCT_NUM-DOB,9
+DOB+ADDRESS+SSN+DRLIC+SURNAME,9
+SURNAME+DOB+SSN+DRLIC+PASSPORT,9
+NAME+DOB+ADDRESS+SSN+ACCT_NUM-PASSPORT,9
+DOB+DRLIC+PASSPORT+ACCT_NUM+PNAME,9
+NAME+ADDRESS+SSN-DOB,9
+NAME+DOB+ADDRESS+PASSPORT-DRLIC,8
+DOB+PHONE+DRLIC+PASSPORT+ACCT_NUM+PNAME,8
+PNAME+DOB+PHONE+SSN-DRLIC,8
+DOB+PHONE+SSN+DRLIC+PASSPORT+ACCT_NUM+PNAME,8
+DOB+ADDRESS+SSN+DRLIC+PASSPORT+LOGIN_ID,8
+PNAME+DOB+SSN+DRLIC+PASSPORT+LOGIN_ID+ACCT_NUM,8
+DOB+ADDRESS+SSN+DRLIC+PASSPORT+ACCT_NUM+PNAME,8
+SURNAME+DOB+ADDRESS+SSN+LOGIN_ID,8
+DOB+PHONE+SSN+ACCT_NUM+SURNAME,7
+NAME+PHONE+SSN-DOB,7
+DOB+PHONE+SSN+PASSPORT+SURNAME,7
+PNAME+DOB+ADDRESS+PHONE+SSN+PASSPORT+ACCT_NUM-DRLIC,7
+DOB+ADDRESS+PHONE+SSN+DRLIC+ACCT_NUM+SURNAME,7
+DOB+ADDRESS+PHONE+LIKELY_NAME,7
+PNAME+DOB+PHONE+SSN+PASSPORT-DRLIC,7
+ADDRESS+PHONE+SSN,7
+SURNAME+DOB+ADDRESS+SSN+DRLIC+LOGIN_ID+ACCT_NUM,7
+ADDRESS+PHONE+ACCT_NUM+LIKELY_NAME,7
+NAME+DOB+PHONE+SSN-PASSPORT,6
+LIKELY_NAME+DOB+ADDRESS+PHONE+LOGIN_ID,6
+NAME+ADDRESS+PHONE+SSN+ACCT_NUM-DOB,6
+DOB+ADDRESS+SSN+ACCT_NUM+SURNAME,6
+NAME+DOB+ADDRESS+PHONE+ACCT_NUM-SSN-DRLIC,6
+SURNAME+DOB+ADDRESS+SSN+PASSPORT+LOGIN_ID,6
+LIKELY_NAME+DOB+ADDRESS+PHONE+SSN+LOGIN_ID,6
+LIKELY_NAME+ADDRESS+PHONE+LOGIN_ID,6
+NAME+DOB+ADDRESS+PHONE+SSN+DRLIC-PASSPORT,6
+NAME+PHONE+SSN+ACCT_NUM-PASSPORT,6
+NAME+ADDRESS+SSN+ACCT_NUM-PASSPORT,6
+NAME+DOB+PHONE+PASSPORT+ACCT_NUM-DRLIC,5
+NAME+DOB+SSN+PASSPORT-DRLIC,5
+DOB+PHONE+SSN+DRLIC+PASSPORT+LOGIN_ID+ACCT_NUM,5
+LIKELY_NAME+ADDRESS+PHONE+SSN+DRLIC+LOGIN_ID,5
+DOB+PHONE+SSN+PASSPORT+ACCT_NUM+SURNAME,5
+ADDRESS+PHONE+ACCT_NUM,5
+DOB+ADDRESS+PHONE+SSN+LIKELY_NAME,5
+SURNAME+DOB+PHONE+SSN+PASSPORT+LOGIN_ID+ACCT_NUM,5
+PHONE+SSN,5
+SURNAME+DOB+PHONE+SSN+DRLIC+PASSPORT+LOGIN_ID+ACCT_NUM,5
+NAME+DOB+ADDRESS+PHONE+SSN-PASSPORT,5
+DOB+ADDRESS+PHONE+SSN+DRLIC+PASSPORT+SURNAME,5
+PNAME+DOB+ADDRESS+SSN-DRLIC,5
+NAME+PHONE+SSN-DOB-PASSPORT,5
+NAME+DOB+PHONE+DRLIC-SSN-PASSPORT,5
+DRLIC,5
+NAME+ADDRESS+PHONE+SSN+DRLIC-PASSPORT,5
+SURNAME+DOB+PHONE+SSN+DRLIC+PASSPORT+LOGIN_ID,5
+NAME+DOB+ADDRESS+SSN+PASSPORT+ACCT_NUM-DRLIC,5
+LIKELY_NAME+DOB+PHONE+SSN+LOGIN_ID,4
+NAME+PHONE+SSN+ACCT_NUM-DOB-PASSPORT,4
+DOB+ADDRESS+PHONE+SSN+PASSPORT+ACCT_NUM+SURNAME,4
+NAME+DOB+ADDRESS+PASSPORT+ACCT_NUM-SSN,4
+NAME+DOB+ADDRESS+PHONE+PASSPORT-SSN,4
+SURNAME+DOB+ADDRESS+SSN+DRLIC+PASSPORT+LOGIN_ID,4
+ADDRESS+PHONE+DRLIC+LIKELY_NAME,4
+NAME+DOB+ADDRESS+DRLIC+ACCT_NUM-SSN,4
+NAME+DOB+ADDRESS+SSN-PASSPORT,4
+DOB+ADDRESS+SSN+DRLIC+PASSPORT+LOGIN_ID+ACCT_NUM,4
+NAME+DOB+ADDRESS+PASSPORT-SSN,4
+ADDRESS+PHONE+PASSPORT+LIKELY_NAME,4
+NAME+DOB+PHONE+DRLIC+ACCT_NUM-PASSPORT,4
+NAME+DOB+PHONE+DRLIC+ACCT_NUM-SSN,4
+PNAME+DOB+ADDRESS+SSN+ACCT_NUM-DRLIC,4
+SSN+ACCT_NUM,4
+ADDRESS+PHONE+SSN+ACCT_NUM,4
+LIKELY_NAME+ADDRESS+PHONE+SSN+LOGIN_ID,4
+LIKELY_NAME+ADDRESS+PHONE+SSN+PASSPORT+LOGIN_ID,4
+ADDRESS+PHONE+SSN+DRLIC,4
+NAME+PHONE+SSN+DRLIC-DOB,4
+SURNAME+ADDRESS+PHONE+SSN+LOGIN_ID+ACCT_NUM,3
+NAME+ADDRESS+PHONE+SSN-DOB-PASSPORT,3
+SURNAME+ADDRESS+PHONE+LOGIN_ID,3
+NAME+ADDRESS+PHONE+SSN+DRLIC-DOB,3
+ADDRESS+PHONE+SSN+PASSPORT+LIKELY_NAME,3
+SURNAME+DOB+SSN+DRLIC+PASSPORT+ACCT_NUM,3
+LIKELY_NAME+ADDRESS+PHONE+SSN+LOGIN_ID+ACCT_NUM,3
+NAME+DOB+PHONE+SSN+DRLIC+ACCT_NUM-PASSPORT,3
+NAME+DOB+ADDRESS+PHONE+DRLIC-PASSPORT,3
+DOB+ADDRESS+PHONE+ACCT_NUM+LIKELY_NAME,3
+NAME+ADDRESS+PHONE+SSN+DRLIC+ACCT_NUM-PASSPORT,3
+PNAME+DOB+SSN-DRLIC,3
+SSN+DRLIC,3
+ADDRESS+PASSPORT+ACCT_NUM,3
+NAME+DOB+PHONE+PASSPORT+ACCT_NUM-SSN,3
+PNAME+DOB+SSN+ACCT_NUM-DRLIC,3
+PHONE+SSN+PASSPORT+ACCT_NUM,3
+ADDRESS+PHONE+LOGIN_ID+PNAME,3
+NAME+DOB+ADDRESS+DRLIC-SSN-PASSPORT,3
+NAME+ADDRESS+SSN-PASSPORT,3
+NAME+DOB+PHONE+PASSPORT-SSN,3
+NAME+DOB+ADDRESS+PHONE+DRLIC+ACCT_NUM-SSN,3
+DOB+PHONE+SSN+LIKELY_NAME,3
+SURNAME+DOB+ADDRESS+SSN+PASSPORT+LOGIN_ID+ACCT_NUM,3
+NAME+DOB+SSN-PASSPORT,3
+LIKELY_NAME+DOB+SSN+LOGIN_ID+ACCT_NUM,3
+DOB+ADDRESS+SSN+PASSPORT+SURNAME,3
+DOB+SSN+DRLIC+PASSPORT+ACCT_NUM+PNAME,3
+ADDRESS+PHONE+SSN+ACCT_NUM+LIKELY_NAME,3
+PNAME+DOB+ADDRESS+SSN+PASSPORT-DRLIC,2
+DOB+PASSPORT,2
+DOB+PHONE+ACCT_NUM,2
+DOB+PHONE+DRLIC,2
+DOB+PHONE+DRLIC+ACCT_NUM,2
+DOB+PHONE+PASSPORT,2
+DOB+PHONE+SSN+DRLIC+ACCT_NUM+SURNAME,2
+PNAME+DOB+ADDRESS+SSN+PASSPORT+ACCT_NUM-DRLIC,2
+DOB+ADDRESS+SSN+DRLIC+ACCT_NUM+SURNAME,2
+PHONE+PASSPORT,2
+PHONE+LOGIN_ID+PNAME,2
+DOB+ADDRESS+PHONE+SSN+DRLIC+PASSPORT+ACCT_NUM+SURNAME,2
+PHONE+DRLIC+ACCT_NUM,2
+PHONE+DRLIC,2
+PHONE+ACCT_NUM,2
+LIKELY_NAME+ADDRESS+PHONE+DRLIC+LOGIN_ID+ACCT_NUM,2
+LIKELY_NAME+ADDRESS+PHONE+DRLIC+PASSPORT+LOGIN_ID+ACCT_NUM,2
+NAME+PHONE+SSN+PASSPORT-DOB,2
+DOB+ADDRESS+PHONE+PASSPORT,2
+LIKELY_NAME+DOB+ADDRESS+PHONE+SSN+LOGIN_ID+ACCT_NUM,2
+PNAME+DOB+SSN+PASSPORT+ACCT_NUM-DRLIC,2
+LIKELY_NAME+DOB+ADDRESS+SSN+LOGIN_ID,2
+LIKELY_NAME+DOB+PHONE+SSN+DRLIC+LOGIN_ID+ACCT_NUM,2
+LIKELY_NAME+DOB+PHONE+SSN+LOGIN_ID+ACCT_NUM,2
+ADDRESS+SSN+DRLIC,2
+ADDRESS+SSN,2
+NAME+DOB+PHONE+SSN+ACCT_NUM-PASSPORT,2
+ADDRESS+PHONE+SSN+DRLIC+PASSPORT,2
+ADDRESS+PHONE+SSN+DRLIC+ACCT_NUM,2
+NAME+DOB+ADDRESS+PHONE+DRLIC+ACCT_NUM-PASSPORT,2
+NAME+ADDRESS+PHONE+SSN+PASSPORT-DOB,2
+NAME+DOB+PHONE+ACCT_NUM-SSN-DRLIC,2
+NAME+ADDRESS+SSN+ACCT_NUM-DOB-PASSPORT,2
+ADDRESS+PHONE+PASSPORT+ACCT_NUM,2
+SURNAME+ADDRESS+PHONE+SSN+PASSPORT+LOGIN_ID,2
+NAME+ADDRESS+SSN-DRLIC-PASSPORT,2
+NAME+ADDRESS+SSN+DRLIC+PASSPORT-DOB,2
+ADDRESS+PHONE+PASSPORT,2
+ADDRESS+PHONE+DRLIC+ACCT_NUM+LIKELY_NAME,2
+ADDRESS+PHONE+DRLIC+ACCT_NUM,2
+NAME+DOB+ADDRESS+PHONE+SSN+ACCT_NUM-PASSPORT,2
+NAME+DOB+ADDRESS+PHONE+ACCT_NUM-SSN-DRLIC-PASSPORT,2
+ADDRESS+PHONE+DRLIC,2
+ADDRESS+DRLIC,2
+NAME+DOB+ADDRESS+PHONE+PASSPORT-SSN-DRLIC,2
+NAME+DOB+ADDRESS+PHONE+PASSPORT+ACCT_NUM-SSN,2
+NAME+PHONE+SSN+ACCT_NUM-DOB-DRLIC,1
+NAME+ADDRESS+PHONE+SSN+DRLIC+ACCT_NUM-DOB,1
+DOB+ADDRESS+PASSPORT+ACCT_NUM,1
+NAME+DOB+ADDRESS+PHONE+LOGIN_ID-SSN,1
+ADDRESS+PHONE+SSN+DRLIC+PASSPORT+LOGIN_ID+PNAME,1
+NAME+DOB+PHONE+SSN+ACCT_NUM-GENDER,1
+NAME+PHONE+SSN-DOB-DRLIC-PASSPORT,1
+NAME+DOB+ADDRESS+PHONE+LOGIN_ID-DRLIC,1
+ADDRESS+PHONE+SSN+DRLIC+LOGIN_ID+ACCT_NUM+PNAME,1
+NAME+ADDRESS+PHONE+SSN+DRLIC-DOB-PASSPORT,1
+ADDRESS+PHONE+SSN+DRLIC+ACCT_NUM+LIKELY_NAME,1
+DOB+ADDRESS+PHONE+DRLIC,1
+LIKELY_NAME+DOB+ADDRESS+PHONE+DRLIC+PASSPORT+LOGIN_ID+ACCT_NUM,1
+NAME+DOB+ADDRESS+PASSPORT-SSN-DRLIC,1
+NAME+PHONE+SSN+DRLIC-DOB-PASSPORT,1
+NAME+PHONE+SSN+DRLIC-PASSPORT,1
+NAME+PHONE+SSN-GENDER,1
+LIKELY_NAME+ADDRESS+PHONE+SSN+DRLIC+PASSPORT+LOGIN_ID+ACCT_NUM,1
+NAME+ADDRESS+PHONE+SSN+DRLIC+PASSPORT-DOB,1
+DOB+ADDRESS+PHONE+LOGIN_ID+PNAME,1
+DOB+PHONE+LOGIN_ID+ACCT_NUM+PNAME,1
+NAME+DOB+PHONE+LOGIN_ID-DRLIC,1
+NAME+DOB+PHONE+LOGIN_ID+ACCT_NUM-SSN,1
+NAME+ADDRESS+PHONE+SSN+LOGIN_ID+ACCT_NUM-DRLIC,1
+NAME+PHONE+SSN+LOGIN_ID-PASSPORT,1
+ADDRESS+PHONE+PASSPORT+LOGIN_ID+PNAME,1
+LIKELY_NAME+ADDRESS+PHONE+LOGIN_ID+ACCT_NUM,1
+SSN+DRLIC+ACCT_NUM,1
+NAME+ADDRESS+PHONE+SSN+LOGIN_ID-DRLIC,1
+LIKELY_NAME+ADDRESS+PHONE+DRLIC+LOGIN_ID,1
+NAME+DOB+PHONE+DRLIC+PASSPORT-SSN,1
+DOB+ADDRESS+SSN+ACCT_NUM+LIKELY_NAME,1
+SSN+LOGIN_ID+PNAME,1
+SSN+PASSPORT+ACCT_NUM,1
+DRLIC+PASSPORT,1
+DRLIC+ACCT_NUM,1
+DOB+SSN+PASSPORT+LIKELY_NAME,1
+NAME+ADDRESS+SSN+ACCT_NUM-DOB-DRLIC,1
+NAME+DOB+PHONE+ACCT_NUM-SSN-DRLIC-PASSPORT,1
+NAME+DOB+ADDRESS+PHONE+DRLIC-SSN-PASSPORT,1
+SURNAME+ADDRESS+PHONE+DRLIC+LOGIN_ID,1
+NAME+DOB+PHONE+ACCT_NUM-GENDER-SSN-DRLIC,1
+NAME+DOB+PHONE+ACCT_NUM-GENDER-SSN,1
+NAME+DOB+ADDRESS+PHONE+DRLIC+ACCT_NUM-SSN-PASSPORT,1
+NAME+DOB+PHONE+ACCT_NUM-DRLIC-PASSPORT,1
+NAME+DOB+ADDRESS+PHONE+DRLIC+PASSPORT-SSN,1
+ADDRESS+PHONE+PASSPORT+ACCT_NUM+LIKELY_NAME,1
+NAME+DOB+ADDRESS+PHONE+ACCT_NUM-GENDER,1
+DOB+SSN+PASSPORT+ACCT_NUM+SURNAME,1
+NAME+ADDRESS+SSN-DOB-DRLIC,1
+NAME+ADDRESS+SSN-DOB-PASSPORT,1
+NAME+ADDRESS+SSN+DRLIC+ACCT_NUM-DOB,1
+SURNAME+ADDRESS+PHONE+SSN+DRLIC+PASSPORT+LOGIN_ID+ACCT_NUM,1
+SURNAME+ADDRESS+PHONE+SSN+LOGIN_ID,1
+DOB+SSN+LIKELY_NAME,1
+NAME+ADDRESS+SSN+DRLIC+ACCT_NUM-PASSPORT,1
+NAME+ADDRESS+SSN+DRLIC-DOB,1
+ADDRESS+DRLIC+ACCT_NUM,1
+SURNAME+ADDRESS+PHONE+SSN+PASSPORT+LOGIN_ID+ACCT_NUM,1
+PHONE+DRLIC+PASSPORT+ACCT_NUM,1
+NAME+DOB+ADDRESS+PHONE+DRLIC+PASSPORT-DRLIC,1
+PNAME+DOB+ADDRESS+PHONE+SSN-PASSPORT,1
+PHONE+PASSPORT+ACCT_NUM,1
+DOB+SSN+DRLIC+PASSPORT,1
+NAME+ADDRESS+SSN+PASSPORT+ACCT_NUM-DOB,1
+SURNAME+DOB+ADDRESS+PHONE+DRLIC+PASSPORT+LOGIN_ID,1
+SURNAME+DOB+ADDRESS+PHONE+LOGIN_ID,1
+NAME+ADDRESS+SSN+PASSPORT-DOB,1
+NAME+DOB+ADDRESS+ACCT_NUM-GENDER,1
+NAME+DOB+ADDRESS+PHONE+ACCT_NUM-GENDER-SSN-DRLIC-PASSPORT,1
+PHONE+SSN+ACCT_NUM,1
+ADDRESS+PHONE+DRLIC+SURNAME,1
+NAME+DOB+ADDRESS+ACCT_NUM-SSN-DRLIC,1
+NAME+DOB+ADDRESS+ACCT_NUM-SSN-DRLIC-PASSPORT,1
+PHONE+SSN+DRLIC,1
+ADDRESS+PHONE+DRLIC+PASSPORT+LIKELY_NAME,1
+NAME+DOB+ADDRESS+PHONE+SSN+LOGIN_ID-DRLIC,1
+NAME+DOB+ADDRESS+DRLIC+ACCT_NUM-PASSPORT,1
+PHONE+SSN+DRLIC+ACCT_NUM,1
+NAME+DOB+ADDRESS+PHONE+SSN+DRLIC+PASSPORT-DRLIC,1
+NAME+DOB+ADDRESS+DRLIC-GENDER-PASSPORT,1
+ADDRESS+PHONE+DRLIC+PASSPORT+ACCT_NUM+LIKELY_NAME,1
+ADDRESS+PHONE+DRLIC+PASSPORT+ACCT_NUM,1
+PHONE+SSN+DRLIC+PASSPORT+ACCT_NUM,1
+NAME+DOB+ADDRESS+DRLIC-PASSPORT,1
+DOB+SSN+DRLIC+ACCT_NUM+LIKELY_NAME,1
+NAME+DOB+ADDRESS+PHONE+SSN+DRLIC+ACCT_NUM-DRLIC,1
+PNAME+DOB+ADDRESS+PHONE+SSN+LOGIN_ID-DRLIC,1
+PNAME+DOB+ADDRESS+PHONE+SSN+ACCT_NUM-PASSPORT,1
+DOB+ADDRESS+SSN+PASSPORT+LIKELY_NAME,1
+DOB+ADDRESS+SSN+DRLIC+PASSPORT+SURNAME,1
+DOB+ADDRESS+SSN+LIKELY_NAME,1
+PNAME+DOB+ADDRESS+PHONE+SSN+DRLIC+ACCT_NUM-PASSPORT,1
+PHONE+SSN+PASSPORT,1
+SURNAME+DOB+ADDRESS+SSN+DRLIC+PASSPORT+LOGIN_ID+ACCT_NUM,1
+DOB+SSN,1
+DOB+ADDRESS+SSN+LOGIN_ID+SURNAME,1
+DOB+PHONE+SSN+PASSPORT+LIKELY_NAME,1
+DOB+PHONE+SSN+LOGIN_ID+PNAME,1
+DOB+PHONE+SSN+LOGIN_ID+ACCT_NUM+PNAME,1
+DOB+PHONE+SSN+DRLIC+PASSPORT+SURNAME,1
+DOB+PHONE+SSN+DRLIC+PASSPORT+ACCT_NUM+SURNAME,1
+DOB+ADDRESS+DRLIC+PASSPORT,1
+DOB+PHONE+SSN+DRLIC+LIKELY_NAME,1
+LIKELY_NAME+DOB+ADDRESS+SSN-DRLIC,1
+ADDRESS+LOGIN_ID+PNAME,1
+PNAME+DOB+SSN+PASSPORT-DRLIC,1
+LIKELY_NAME+DOB+SSN+DRLIC+LOGIN_ID+ACCT_NUM,1
+LIKELY_NAME+DOB+ADDRESS+PHONE+SSN+PASSPORT+LOGIN_ID+ACCT_NUM,1
+LIKELY_NAME+DOB+SSN+LOGIN_ID,1
+LIKELY_NAME+DOB+ADDRESS+PHONE+SSN+PASSPORT+LOGIN_ID,1
+ADDRESS+SSN+PASSPORT+ACCT_NUM,1
+ADDRESS+SSN+PASSPORT,1
+ADDRESS+SSN+LOGIN_ID+ACCT_NUM+PNAME,1
+NAME+DOB+SSN+ACCT_NUM-PASSPORT,1
+LIKELY_NAME+DOB+SSN+PASSPORT+LOGIN_ID+ACCT_NUM,1
+ADDRESS+ACCT_NUM,1
+NAME+ADDRESS+PHONE+SSN+ACCT_NUM-DOB-DRLIC,1
+LIKELY_NAME+DOB+ADDRESS+PHONE+PASSPORT+LOGIN_ID,1
+DOB+ADDRESS+SSN+PASSPORT+ACCT_NUM+LIKELY_NAME,1
+ADDRESS+SSN+ACCT_NUM,1
+DOB+PHONE+SSN+ACCT_NUM+LIKELY_NAME,1
+LIKELY_NAME+DOB+ADDRESS+PHONE+LOGIN_ID+ACCT_NUM,1
+DOB+ADDRESS+PASSPORT,1
+ADDRESS+PHONE+SSN+PASSPORT+ACCT_NUM+SURNAME,1
+NAME+DOB+PHONE+SSN+DRLIC-PASSPORT,1
