+LOGIN_ID-SSN,1119143
+LOGIN_ID,1038805
+NAME,896388
+LOGIN_ID-GENDER-SSN,588170
+LOGIN_ID-GENDER,517563
+LOGIN_ID-DOB-SSN,487852
+LOGIN_ID-DOB,392097
+ADDRESS-SSN,381372
+ADDRESS,362890
+LOGIN_ID-SSN-PASSPORT,284490
+LOGIN_ID-DOB-GENDER-SSN,278138
+LOGIN_ID-PASSPORT,228635
+LOGIN_ID-DOB-GENDER,205062
+ADDRESS-GENDER-SSN,202430
+ADDRESS-GENDER,176624
+ADDRESS-DOB-SSN,172427
+LOGIN_ID-GENDER-SSN-PASSPORT,161957
+LOGIN_ID-DOB-SSN-PASSPORT,158812
+ADDRESS-DOB,135154
+LOGIN_ID-SSN-DRLIC,122307
+LOGIN_ID-GENDER-PASSPORT,119098
+LOGIN_ID-DRLIC,103786
+LOGIN_ID-DOB-GENDER-SSN-PASSPORT,103071
+ADDRESS-DOB-GENDER-SSN,100174
+ADDRESS-SSN-PASSPORT,100014
+LOGIN_ID-DOB-PASSPORT,98386
+DRLIC-SSN,79662
+ADDRESS-PASSPORT,77808
+DRLIC,76379
+ADDRESS-DOB-GENDER,71514
+LOGIN_ID-GENDER-SSN-DRLIC,67080
+LOGIN_ID-DOB-SSN-DRLIC,60843
+ADDRESS-DOB-SSN-PASSPORT,60111
+SSN,57892
+ADDRESS-GENDER-SSN-PASSPORT,57876
+LOGIN_ID-DOB-GENDER-PASSPORT,54662
+LOGIN_ID-GENDER-DRLIC,52779
+PNAME+ADDRESS+PHONE,49671
+NAME+DOB-SSN,44573
+NAME+DOB,42964
+DRLIC-GENDER-SSN,42732
+LOGIN_ID-DOB-DRLIC,42212
+ADDRESS-SSN-DRLIC,42114
+ADDRESS-GENDER-PASSPORT,41436
+ADDRESS-DOB-GENDER-SSN-PASSPORT,39557
+LOGIN_ID-DOB-GENDER-SSN-DRLIC,37212
+DRLIC-GENDER,36839
+DRLIC-DOB-SSN,36018
+LOGIN_ID-SSN-DRLIC-PASSPORT,35646
+ADDRESS-DOB-PASSPORT,35003
+ADDRESS-DRLIC,34862
+ADDRESS+PHONE+SSN,29818
+DRLIC-DOB,28513
+PNAME+PHONE,27874
+ADDRESS+PHONE,27292
+LOGIN_ID-DRLIC-PASSPORT,24624
+LOGIN_ID-DOB-SSN-DRLIC-PASSPORT,24413
+SSN-GENDER,24280
+ADDRESS-GENDER-SSN-DRLIC,23590
+PNAME+ADDRESS,23393
+LOGIN_ID-DOB-GENDER-DRLIC,22881
+ADDRESS-DOB-SSN-DRLIC,22118
+LOGIN_ID-GENDER-SSN-DRLIC-PASSPORT,21507
+DRLIC-DOB-GENDER-SSN,21465
+DRLIC-SSN-PASSPORT,21214
+PHONE,21083
+PHONE+SSN,20266
+ADDRESS-DOB-GENDER-PASSPORT,19872
+SSN-DOB,19463
+ADDRESS-GENDER-DRLIC,18373
+LOGIN_ID-DOB-GENDER-SSN-DRLIC-PASSPORT,17072
+DRLIC-PASSPORT,16328
+ADDRESS+SSN,16028
+DRLIC-DOB-GENDER,15020
+ADDRESS-DOB-DRLIC,14748
+ADDRESS-DOB-GENDER-SSN-DRLIC,14150
+ADDRESS+PHONE+SSN+ACCT_NUM,13603
+ADDRESS+PHONE+ACCT_NUM,13585
+LOGIN_ID-GENDER-DRLIC-PASSPORT,13369
+ADDRESS-SSN-DRLIC-PASSPORT,12786
+DRLIC-DOB-SSN-PASSPORT,12758
+NAME+DOB-SSN-PASSPORT,12542
+DRLIC-GENDER-SSN-PASSPORT,12370
-SSN,12252
+LOGIN_ID-DOB-DRLIC-PASSPORT,11869
+PNAME+ACCT_NUM,11727
+SSN-PASSPORT,11530
+NAME+DOB-GENDER-SSN,11060
+SSN-DOB-GENDER,10942
+NAME+DOB-GENDER,10918
+PHONE+ACCT_NUM,10466
+PNAME+DOB+PHONE,10397
+SURNAME+ADDRESS+PHONE+SSN,9830
+DOB+ADDRESS+PHONE,9769
+PHONE+SSN+ACCT_NUM,9740
+ADDRESS-DOB-SSN-DRLIC-PASSPORT,9664
+ADDRESS+PHONE+SSN+DRLIC,9171
+NAME+DOB-PASSPORT,9165
+ADDRESS+PHONE+DRLIC,8982
+SURNAME+ADDRESS+PHONE,8736
+DRLIC-GENDER-PASSPORT,8708
+ADDRESS-DRLIC-PASSPORT,8598
+DRLIC-DOB-GENDER-SSN-PASSPORT,8504
+PNAME+DOB+ADDRESS,8223
+ADDRESS-DOB-GENDER-DRLIC,8189
+ADDRESS-GENDER-SSN-DRLIC-PASSPORT,8179
+ADDRESS+ACCT_NUM,8073
-GENDER-SSN,7603
-DOB-SSN,7527
+PNAME+DRLIC,7491
+ADDRESS+SSN+ACCT_NUM,7477
+DRLIC-DOB-PASSPORT,7428
+PNAME+LOGIN_ID,7303
+LOGIN_ID-DOB-GENDER-DRLIC-PASSPORT,7244
+NAME+DRLIC,7192
+ACCT_NUM,6856
+ADDRESS-DOB-GENDER-SSN-DRLIC-PASSPORT,6824
+SURNAME+PHONE+SSN,6806
+ADDRESS+PHONE+SSN+PASSPORT,6798
,6748
+PHONE+DRLIC,6542
+PNAME+ADDRESS+PHONE+DRLIC,6503
+DOB+ADDRESS+PHONE+SSN,6416
+SSN-GENDER-PASSPORT,6395
+PHONE+SSN+DRLIC,6393
+ADDRESS+PHONE+PASSPORT,6317
+PHONE-SSN,6191
+SSN-DOB-PASSPORT,6025
+SSN+ACCT_NUM,5908
+PNAME+DOB+ADDRESS+PHONE,5530
+DOB+PHONE+SSN,5424
+SURNAME+PHONE,5383
+DOB+PHONE,5343
+PNAME+LOGIN_ID-SSN,5298
+PNAME+PHONE+DRLIC,5291
+DOB+ADDRESS+PHONE+ACCT_NUM,5257
+ADDRESS+DRLIC,5161
+SURNAME+ADDRESS+SSN,5062
+SSN-DRLIC,4979
+NAME+DOB-SSN-DRLIC,4973
+ADDRESS+SSN+DRLIC,4874
+DOB+SSN,4749
-DOB-GENDER-SSN,4749
+ADDRESS-GENDER-DRLIC-PASSPORT,4739
+PHONE+SSN+PASSPORT,4724
+SURNAME+ADDRESS+PHONE+SSN+ACCT_NUM,4572
-SSN-PASSPORT,4569
+DOB+ADDRESS+SSN,4559
+SURNAME+ADDRESS,4488
+DOB+ADDRESS,4477
+SURNAME+ADDRESS+PHONE+ACCT_NUM,4467
+PHONE+PASSPORT,4433
+ADDRESS-DOB-DRLIC-PASSPORT,4431
+ADDRESS+PHONE+SSN+DRLIC+ACCT_NUM,4386
-GENDER,4320
+PNAME+PASSPORT,4304
-DOB,4278
+DRLIC-DOB-GENDER-PASSPORT,4201
+PNAME+ADDRESS+DRLIC,4153
+NAME+DOB-DRLIC,4064
+DOB+PHONE+ACCT_NUM,3798
+SSN+DRLIC,3780
+ADDRESS+PHONE+DRLIC+ACCT_NUM,3765
+SSN-DOB-GENDER-PASSPORT,3681
+SURNAME+SSN,3645
+ADDRESS+SSN+PASSPORT,3626
+DOB+ADDRESS+PHONE+DRLIC,3555
+ADDRESS+PASSPORT,3495
+SURNAME+DOB+ADDRESS+PHONE,3427
+ADDRESS+PHONE+SSN+PASSPORT+ACCT_NUM,3278
+PHONE-GENDER-SSN,3207
+SURNAME+ADDRESS+PHONE+SSN+DRLIC,3160
+DOB+ADDRESS+PHONE+SSN+ACCT_NUM,3130
+SURNAME+PHONE+ACCT_NUM,3119
+SURNAME+PHONE+SSN+ACCT_NUM,3102
+ADDRESS+PHONE+LOGIN_ID,3074
+ADDRESS+PHONE+SSN+LOGIN_ID,3007
+PNAME+DRLIC+ACCT_NUM,2958
-DOB-SSN-PASSPORT,2956
-GENDER-SSN-PASSPORT,2944
+SURNAME+ADDRESS+PHONE+DRLIC,2916
+ADDRESS+PHONE+PASSPORT+ACCT_NUM,2889
+DOB+ADDRESS+ACCT_NUM,2873
+PHONE-GENDER,2847
+PHONE-DOB-SSN,2811
+PHONE+DRLIC+ACCT_NUM,2763
+NAME+DOB-GENDER-SSN-PASSPORT,2761
+ADDRESS-DOB-GENDER-DRLIC-PASSPORT,2715
+PNAME+LOGIN_ID-DOB-SSN,2670
-DOB-GENDER,2664
+SSN-GENDER-DRLIC,2658
+PHONE+SSN+DRLIC+ACCT_NUM,2635
+SSN+PASSPORT,2627
-PASSPORT,2505
+NAME+PASSPORT,2502
+DOB+ADDRESS+PHONE+PASSPORT,2501
+SURNAME+ADDRESS+ACCT_NUM,2497
+PASSPORT,2465
+DOB+PHONE+DRLIC,2440
+PHONE+LOGIN_ID,2406
+SURNAME+ADDRESS+SSN+ACCT_NUM,2396
+SSN-DOB-DRLIC,2388
+DOB+PHONE+SSN+ACCT_NUM,2382
+SURNAME+ADDRESS+PHONE+SSN+PASSPORT,2340
+NAME+DOB-GENDER-PASSPORT,2330
+DOB+ACCT_NUM,2295
+PNAME+PASSPORT+ACCT_NUM,2248
+ADDRESS+PHONE+SSN+DRLIC+PASSPORT,2241
+SURNAME+DOB+ADDRESS+PHONE+SSN,2166
+PHONE-DOB,2157
+PHONE+SSN+LOGIN_ID,2138
+SURNAME+PHONE+DRLIC,2132
+PNAME+SSN,2125
+ADDRESS+SSN+DRLIC+ACCT_NUM,2124
+SURNAME+ADDRESS+PHONE+PASSPORT,2123
+SURNAME+ACCT_NUM,2087
+PHONE+PASSPORT+ACCT_NUM,2065
+ADDRESS+DRLIC+ACCT_NUM,2063
+SURNAME+PHONE+SSN+DRLIC,2047
+PNAME+PHONE+PASSPORT,2040
+DOB+SSN+ACCT_NUM,2039
+PHONE+SSN+PASSPORT+ACCT_NUM,2006
+DOB+ADDRESS+SSN+ACCT_NUM,2001
+ADDRESS+PHONE+DRLIC+PASSPORT,1945
+SURNAME+DOB+PHONE,1923
-DOB-GENDER-SSN-PASSPORT,1915
+DOB+ADDRESS+DRLIC,1880
+SURNAME+DOB+ADDRESS+PHONE+ACCT_NUM,1851
+PNAME+ADDRESS-SSN,1848
+SURNAME+SSN+ACCT_NUM,1834
+PNAME+LOGIN_ID-DOB,1821
+ADDRESS+LOGIN_ID,1819
-SSN-DRLIC,1813
+SURNAME+DOB+PHONE+SSN,1759
+PNAME+ADDRESS+PASSPORT,1697
+NAME+DOB-SSN-DRLIC-PASSPORT,1688
+DRLIC+ACCT_NUM,1650
+DOB+ADDRESS+PHONE+DRLIC+ACCT_NUM,1650
+ADDRESS+SSN+LOGIN_ID,1646
-DOB-PASSPORT,1626
+SURNAME+ADDRESS+DRLIC,1607
+SURNAME+ADDRESS+PHONE+SSN+DRLIC+ACCT_NUM,1594
-GENDER-PASSPORT,1590
+PHONE-SSN-PASSPORT,1582
+DOB+PHONE+PASSPORT,1573
+SURNAME+DOB+ADDRESS,1558
+SURNAME+ADDRESS+SSN+DRLIC,1553
+PHONE-DOB-GENDER-SSN,1543
+SURNAME+PHONE+SSN+PASSPORT,1541
+ADDRESS+PASSPORT+ACCT_NUM,1538
+ADDRESS+SSN+PASSPORT+ACCT_NUM,1522
+PNAME+LOGIN_ID-SSN-PASSPORT,1522
+PNAME+DRLIC+PASSPORT,1521
+SURNAME+LOGIN_ID,1519
+SURNAME+DOB+ADDRESS+SSN,1504
+SURNAME+DOB+SSN,1475
+DOB+DRLIC,1474
+SSN+DRLIC+ACCT_NUM,1454
+DOB+ADDRESS+PHONE+SSN+DRLIC,1449
+SURNAME+PHONE+PASSPORT,1401
+DOB+SSN+DRLIC,1398
+PHONE+DRLIC+PASSPORT,1386
+SSN-DOB-GENDER-DRLIC,1376
+SSN-DRLIC-PASSPORT,1374
+SSN+LOGIN_ID,1352
+DOB+PHONE+SSN+DRLIC,1350
+PHONE-PASSPORT,1343
+SURNAME+DRLIC,1336
+SURNAME+ADDRESS+PHONE+DRLIC+ACCT_NUM,1306
+ADDRESS+PHONE+SSN+LOGIN_ID+ACCT_NUM,1294
+PHONE+SSN+DRLIC+PASSPORT,1290
+ADDRESS+PHONE+LOGIN_ID+ACCT_NUM,1287
+SURNAME+SSN+DRLIC,1286
+DOB+ADDRESS+PHONE+PASSPORT+ACCT_NUM,1279
+PASSPORT+ACCT_NUM,1259
+SURNAME+ADDRESS+PHONE+SSN+PASSPORT+ACCT_NUM,1256
+DOB+ADDRESS+PASSPORT,1251
+SURNAME+DOB+PHONE+ACCT_NUM,1240
+NAME+DOB-GENDER-SSN-DRLIC,1215
+SURNAME+DOB+ADDRESS+PHONE+DRLIC,1205
+SURNAME+ADDRESS+SSN+PASSPORT,1203
+DOB+ADDRESS+SSN+DRLIC,1197
+PHONE-DOB-GENDER,1190
+ADDRESS+PHONE+SSN+DRLIC+PASSPORT+ACCT_NUM,1179
-DOB-SSN-DRLIC,1171
+DOB+ADDRESS+PHONE+LOGIN_ID,1153
-GENDER-SSN-DRLIC,1151
+PNAME+ADDRESS+PHONE+PASSPORT,1116
+NAME+DOB-GENDER-DRLIC,1115
+SURNAME+LOGIN_ID-SSN,1110
+SSN+PASSPORT+ACCT_NUM,1108
+PNAME+LOGIN_ID-PASSPORT,1102
+SURNAME+ADDRESS+PASSPORT,1101
+SURNAME+ADDRESS+PHONE+PASSPORT+ACCT_NUM,1090
+ADDRESS+SSN+DRLIC+PASSPORT,1067
+DOB+PHONE+DRLIC+ACCT_NUM,1051
+PNAME+DOB+DRLIC,1048
+ADDRESS+DRLIC+PASSPORT,1041
+SURNAME+DOB+ADDRESS+PHONE+SSN+ACCT_NUM,1034
-DOB-GENDER-PASSPORT,1026
+PNAME+SSN+DRLIC,1025
+PNAME+LOGIN_ID+ACCT_NUM,1013
+NAME+DOB-DRLIC-PASSPORT,995
-DRLIC,993
+DOB+SSN+PASSPORT,985
+DOB+ADDRESS+PHONE+SSN+PASSPORT,973
+SURNAME+ADDRESS+PHONE+SSN+LOGIN_ID,971
+LOGIN_ID-GENERATION-SSN,968
+PNAME+LOGIN_ID-DOB-SSN-PASSPORT,965
+SURNAME+DOB+ADDRESS+ACCT_NUM,964
+SURNAME+ADDRESS+PHONE+LOGIN_ID,961
+PHONE-DOB-SSN-PASSPORT,957
+DOB+PHONE+SSN+PASSPORT,938
+ADDRESS+PHONE+DRLIC+PASSPORT+ACCT_NUM,929
+PNAME+ADDRESS-DOB-SSN,926
+ADDRESS+PHONE+SSN+DRLIC+LOGIN_ID,924
+PHONE+LOGIN_ID+ACCT_NUM,904
+DOB+ADDRESS+SSN+PASSPORT,902
+PHONE-GENDER-SSN-PASSPORT,888
+SURNAME+PHONE+SSN+DRLIC+ACCT_NUM,884
+SURNAME+DOB+ADDRESS+PHONE+PASSPORT,867
+PHONE+SSN+LOGIN_ID+ACCT_NUM,866
+DOB+ADDRESS+PHONE+DRLIC+PASSPORT,857
+SSN-DOB-DRLIC-PASSPORT,850
+DOB+PHONE+LOGIN_ID,845
+SURNAME+PHONE+DRLIC+ACCT_NUM,837
+DOB+PHONE+PASSPORT+ACCT_NUM,833
+DRLIC+PASSPORT,823
+SURNAME+SSN+PASSPORT,821
+DOB+ADDRESS+DRLIC+ACCT_NUM,813
+SSN+DRLIC+PASSPORT,809
+ADDRESS+PHONE+DRLIC+LOGIN_ID,809
+SURNAME+ADDRESS+PHONE+SSN+DRLIC+PASSPORT,798
+SSN-GENDER-DRLIC-PASSPORT,788
+DOB+PASSPORT,784
+SURNAME+DOB+PHONE+SSN+ACCT_NUM,765
+SURNAME+DOB+PHONE+DRLIC,755
+SURNAME+PHONE+LOGIN_ID,750
+DOB+ADDRESS+PHONE+SSN+DRLIC+ACCT_NUM,746
+SURNAME+PASSPORT,746
-DOB-GENDER-SSN-DRLIC,744
+ADDRESS+LOGIN_ID+ACCT_NUM,741
+SURNAME+PHONE+SSN+LOGIN_ID,741
+SURNAME+DOB+ADDRESS+SSN+ACCT_NUM,736
+DOB+LOGIN_ID,722
+ADDRESS+PHONE+SSN+PASSPORT+LOGIN_ID,712
+SURNAME+ADDRESS+PHONE+DRLIC+PASSPORT,702
+SURNAME+DOB+ACCT_NUM,701
+SURNAME+PHONE+SSN+PASSPORT+ACCT_NUM,701
+LOGIN_ID-GENERATION,694
+SURNAME+ADDRESS+SSN+DRLIC+ACCT_NUM,693
+ADDRESS+SSN+LOGIN_ID+ACCT_NUM,688
+PHONE-SSN-DRLIC,687
+DOB+ADDRESS+LOGIN_ID,685
+SURNAME+PHONE+PASSPORT+ACCT_NUM,680
-SSN-DRLIC-PASSPORT,679
+PNAME+ADDRESS+PHONE+SSN (Ambiguous),663
+PNAME+ADDRESS-DOB,662
+PNAME+DRLIC+LOGIN_ID,657
+PHONE-GENDER-PASSPORT,653
+SURNAME+ADDRESS+DRLIC+ACCT_NUM,650
+SURNAME+DOB+ADDRESS+DRLIC,649
+PNAME+DRLIC+PASSPORT+ACCT_NUM,648
-DOB-DRLIC,646
+DOB+ADDRESS+PHONE+SSN+LOGIN_ID,640
+PHONE+SSN+DRLIC+PASSPORT+ACCT_NUM,639
+PNAME+LOGIN_ID-SSN-DRLIC,630
+PHONE+DRLIC+LOGIN_ID,630
+ADDRESS+PHONE+PASSPORT+LOGIN_ID,627
-GENDER-DRLIC,627
+DOB+ADDRESS+PASSPORT+ACCT_NUM,622
+SURNAME+DOB+ADDRESS+PHONE+DRLIC+ACCT_NUM,619
+SURNAME+DOB+SSN+ACCT_NUM,619
+PHONE-DOB-GENDER-SSN-PASSPORT,614
+PHONE+SSN+DRLIC+LOGIN_ID,611
+PNAME+PHONE+SSN (Ambiguous),602
+DOB+PHONE+SSN+DRLIC+ACCT_NUM,587
+SURNAME+DOB+ADDRESS+PHONE+SSN+DRLIC,581
+SSN-DOB-GENDER-DRLIC-PASSPORT,580
+DOB+ADDRESS+SSN+DRLIC+ACCT_NUM,579
+LOGIN_ID-GENERATION-GENDER-SSN,575
+DOB+SSN+DRLIC+ACCT_NUM,570
+DOB+DRLIC+ACCT_NUM,560
+NAME+DRLIC+PASSPORT,555
+PHONE+DRLIC+PASSPORT+ACCT_NUM,555
+SURNAME+ADDRESS+PHONE+SSN+DRLIC+PASSPORT+ACCT_NUM,552
+LOGIN_ID-GENERATION-DOB-SSN,551
+LOGIN_ID+ACCT_NUM,550
+SURNAME+ADDRESS+LOGIN_ID,547
+DOB+PHONE+DRLIC+PASSPORT,546
+SURNAME+LOGIN_ID-GENDER-SSN,544
+PHONE-DRLIC,544
+SURNAME+ADDRESS+SSN+PASSPORT+ACCT_NUM,537
+DOB+PHONE+SSN+LOGIN_ID,536
+PHONE-DOB-PASSPORT,536
+PNAME+PASSPORT+LOGIN_ID,532
+SURNAME+ADDRESS+SSN+LOGIN_ID,525
+PNAME+ADDRESS-SSN-PASSPORT,522
+PNAME+LOGIN_ID-GENDER-SSN,520
+ADDRESS+SSN+DRLIC+PASSPORT+ACCT_NUM,515
+SURNAME+ADDRESS+PASSPORT+ACCT_NUM,515
+SSN+LOGIN_ID+ACCT_NUM,509
+DOB+ADDRESS+PHONE+SSN+PASSPORT+ACCT_NUM,506
+ADDRESS+DRLIC+LOGIN_ID,505
+SURNAME+DRLIC+ACCT_NUM,502
+DOB+ADDRESS+PHONE+LOGIN_ID+ACCT_NUM,497
+SURNAME+LOGIN_ID-GENDER,493
+ADDRESS+SSN+DRLIC+LOGIN_ID,492
+PHONE+PASSPORT+LOGIN_ID,488
+SURNAME+DOB+PHONE+PASSPORT,487
+SURNAME+ADDRESS+PHONE+SSN+LOGIN_ID+ACCT_NUM,487
+SURNAME+DOB+ADDRESS+PHONE+PASSPORT+ACCT_NUM,479
+SURNAME+DOB+DRLIC,478
+PNAME+LOGIN_ID-DOB-PASSPORT,475
+SURNAME+PHONE+SSN+DRLIC+PASSPORT,471
+PNAME+ADDRESS+SSN (Ambiguous),468
-DOB-SSN-DRLIC-PASSPORT,465
+PHONE+SSN+PASSPORT+LOGIN_ID,463
+SURNAME+LOGIN_ID-DOB-SSN,463
+PNAME+LOGIN_ID-DRLIC,461
+SURNAME+SSN+LOGIN_ID,459
-GENDER-SSN-DRLIC-PASSPORT,458
+DOB+SSN+LOGIN_ID,454
+SURNAME+SSN+DRLIC+ACCT_NUM,453
+DOB+PHONE+SSN+PASSPORT+ACCT_NUM,450
+ADDRESS+PHONE+SSN+DRLIC+LOGIN_ID+ACCT_NUM,445
+DOB+ADDRESS+SSN+LOGIN_ID,445
+SURNAME+ADDRESS+PHONE+LOGIN_ID+ACCT_NUM,445
+DOB+PASSPORT+ACCT_NUM,443
+ADDRESS+DRLIC+PASSPORT+ACCT_NUM,439
+PNAME+LOGIN_ID-GENDER,433
+SURNAME+DOB+PHONE+SSN+DRLIC,433
+DOB+SSN+PASSPORT+ACCT_NUM,431
+DOB+ADDRESS+PHONE+DRLIC+PASSPORT+ACCT_NUM,429
+PNAME+PHONE+DRLIC+PASSPORT,427
+SURNAME+DOB+SSN+DRLIC,422
+DOB+ADDRESS+SSN+PASSPORT+ACCT_NUM,422
+LOGIN_ID-GENERATION-GENDER,421
+PNAME+ADDRESS-DOB-SSN-PASSPORT,412
+SURNAME+DOB+ADDRESS+PASSPORT,411
+SURNAME+DOB+ADDRESS+PHONE+LOGIN_ID,411
+DOB+ADDRESS+DRLIC+PASSPORT,405
+SURNAME+ADDRESS+SSN+DRLIC+PASSPORT,396
+SURNAME+PHONE+DRLIC+PASSPORT,392
+PHONE-GENDER-SSN-DRLIC,391
+ADDRESS-GENERATION-SSN,389
+PNAME+DRLIC-SSN,389
+SURNAME+DOB+ADDRESS+SSN+DRLIC,388
+NAME+ADDRESS+PHONE+SSN (Ambiguous),383
+DRLIC+LOGIN_ID,383
+ADDRESS+PHONE+DRLIC+LOGIN_ID+ACCT_NUM,382
-DOB-GENDER-DRLIC,376
+SURNAME+SSN+PASSPORT+ACCT_NUM,375
+ADDRESS+PHONE+SSN+PASSPORT+LOGIN_ID+ACCT_NUM,373
+PNAME+ADDRESS+PHONE+SSN+ACCT_NUM (Ambiguous),373
+LOGIN_ID-GENERATION-DOB,371
+SURNAME+PASSPORT+ACCT_NUM,371
+PNAME+ADDRESS-PASSPORT,370
+DOB+PHONE+LOGIN_ID+ACCT_NUM,368
+ADDRESS+SSN+PASSPORT+LOGIN_ID,367
+PNAME+SSN (Ambiguous),365
+SURNAME+ADDRESS-SSN,363
-DRLIC-PASSPORT,356
+DOB+ADDRESS+PHONE+DRLIC+LOGIN_ID,355
+SSN+DRLIC+LOGIN_ID,354
+PHONE-DOB-SSN-DRLIC,354
+SURNAME+ADDRESS+PHONE+DRLIC+PASSPORT+ACCT_NUM,353
+LOGIN_ID-GENERATION-SSN-PASSPORT,353
+SURNAME+DOB+PHONE+DRLIC+ACCT_NUM,352
+SURNAME+LOGIN_ID-DOB,347
+NAME+DOB-GENDER-SSN-DRLIC-PASSPORT,346
+ADDRESS+PASSPORT+LOGIN_ID,345
+LOGIN_ID-GENERATION-DOB-GENDER-SSN,338
+SURNAME+DOB+PHONE+SSN+PASSPORT,335
+SURNAME+ADDRESS+DRLIC+PASSPORT,334
+PHONE-DOB-GENDER-PASSPORT,332
+SURNAME+DOB+ADDRESS+PHONE+DRLIC+PASSPORT,332
+SURNAME+DOB+ADDRESS+PHONE+SSN+PASSPORT,332
+SURNAME+PHONE+LOGIN_ID+ACCT_NUM,331
+PNAME+ADDRESS+DRLIC+PASSPORT,330
+DOB+ADDRESS+PHONE+SSN+LOGIN_ID+ACCT_NUM,330
+PNAME+LOGIN_ID-DOB-SSN-DRLIC,329
+SURNAME+PHONE+SSN+LOGIN_ID+ACCT_NUM,328
+SSN+DRLIC+PASSPORT+ACCT_NUM,328
+SURNAME+ADDRESS+PHONE+SSN+DRLIC+LOGIN_ID,327
+NAME+PHONE+SSN (Ambiguous),327
+LIKELY_NAME+ADDRESS+PHONE,325
+SURNAME+DOB+SSN+PASSPORT,312
+PASSPORT+LOGIN_ID,312
+PNAME+PHONE+SSN+ACCT_NUM (Ambiguous),312
+DRLIC+PASSPORT+ACCT_NUM,305
+DOB+SSN+DRLIC+PASSPORT,302
+DOB+ADDRESS+PHONE+PASSPORT+LOGIN_ID,299
+ADDRESS+PHONE+PASSPORT+LOGIN_ID+ACCT_NUM,297
+SURNAME+DOB+PHONE+PASSPORT+ACCT_NUM,293
+DOB+ADDRESS+PHONE+SSN+DRLIC+PASSPORT,293
+SURNAME+DOB+ADDRESS+SSN+PASSPORT,290
+DOB+DRLIC+PASSPORT,286
+NAME+ADDRESS+PHONE+SSN+ACCT_NUM (Ambiguous),285
+DOB+PHONE+SSN+DRLIC+PASSPORT,284
+SURNAME+DOB+ADDRESS+PHONE+SSN+DRLIC+ACCT_NUM,284
+DOB+ADDRESS+LOGIN_ID+ACCT_NUM,283
+SURNAME+DOB+PHONE+LOGIN_ID,277
-DOB-GENDER-SSN-DRLIC-PASSPORT,276
+NAME+ADDRESS+PHONE (Ambiguous),276
+PNAME+ADDRESS+PHONE+ACCT_NUM (Ambiguous),276
+SURNAME+LOGIN_ID-DOB-GENDER-SSN,274
+DOB+LOGIN_ID-SSN,271
+SURNAME+DOB+PASSPORT,270
+ADDRESS-GENERATION,270
+DOB+ADDRESS+SSN+DRLIC+PASSPORT,269
+SURNAME+ADDRESS+PHONE+DRLIC+LOGIN_ID,268
+SURNAME+DRLIC+PASSPORT,268
+PHONE+SSN+DRLIC+LOGIN_ID+ACCT_NUM,268
+SURNAME+DOB+ADDRESS+DRLIC+ACCT_NUM,267
+PHONE-GENDER-DRLIC,267
+LOGIN_ID-GENERATION-DOB-SSN-PASSPORT,264
+ADDRESS+PHONE+SSN+DRLIC+PASSPORT+LOGIN_ID,262
+PNAME+DRLIC+LOGIN_ID+ACCT_NUM,262
+LIKELY_NAME+PHONE+SSN,259
+SURNAME+SSN+DRLIC+PASSPORT,258
+PHONE+DRLIC+LOGIN_ID+ACCT_NUM,256
+PHONE-DOB-DRLIC,254
+SSN+PASSPORT+LOGIN_ID,251
-GENDER-DRLIC-PASSPORT,250
+SURNAME+LOGIN_ID-SSN-PASSPORT,249
-DOB-DRLIC-PASSPORT,249
+NAME+ADDRESS+SSN (Ambiguous),245
+NAME+DOB-GENDER-DRLIC-PASSPORT,244
+DOB+PHONE+SSN+LOGIN_ID+ACCT_NUM,243
+SURNAME+DOB+ADDRESS+PHONE+SSN+LOGIN_ID,242
+PNAME+ADDRESS+SSN+ACCT_NUM (Ambiguous),241
+PNAME+LOGIN_ID-DOB-GENDER-SSN,239
+PNAME+PHONE+ACCT_NUM (Ambiguous),239
+PNAME+ADDRESS-SSN-DRLIC,229
+DOB+PHONE+DRLIC+PASSPORT+ACCT_NUM,228
+PNAME+SSN+ACCT_NUM (Ambiguous),228
+SURNAME+DOB+PHONE+SSN+DRLIC+ACCT_NUM,227
+PHONE-DOB-GENDER-SSN-DRLIC,227
+SURNAME+ADDRESS+PHONE+SSN+PASSPORT+LOGIN_ID,224
+SURNAME+DOB+ADDRESS+SSN+DRLIC+ACCT_NUM,222
+LIKELY_NAME+ADDRESS+SSN,222
+ADDRESS-GENERATION-GENDER-SSN,220
+SURNAME+PHONE+DRLIC+PASSPORT+ACCT_NUM,220
+SURNAME+ADDRESS-GENDER-SSN,219
+SURNAME+ADDRESS+PHONE+PASSPORT+LOGIN_ID,219
+LOGIN_ID-GENERATION-GENDER-SSN-PASSPORT,218
+SURNAME+DOB+PHONE+SSN+LOGIN_ID,217
+SURNAME+ADDRESS+LOGIN_ID+ACCT_NUM,216
+PNAME+ADDRESS+PHONE+DRLIC+PASSPORT,216
+SURNAME+DOB+ADDRESS+LOGIN_ID,214
+SURNAME+DOB+ADDRESS+PHONE+SSN+PASSPORT+ACCT_NUM,214
+SURNAME+PHONE+SSN+DRLIC+PASSPORT+ACCT_NUM,213
+PHONE+PASSPORT+LOGIN_ID+ACCT_NUM,213
+ADDRESS-GENERATION-DOB-SSN,212
+SURNAME+ADDRESS+SSN+LOGIN_ID+ACCT_NUM,211
+PNAME+LOGIN_ID-DOB-DRLIC,211
+LOGIN_ID-GENERATION-PASSPORT,210
+ADDRESS+PHONE+DRLIC+PASSPORT+LOGIN_ID,208
+SURNAME+LOGIN_ID-DOB-GENDER,207
+DOB+ADDRESS+PHONE+DRLIC+LOGIN_ID+ACCT_NUM,204
+SURNAME+PHONE+SSN+DRLIC+LOGIN_ID,203
+DOB+PHONE+DRLIC+LOGIN_ID,202
+PNAME+DRLIC-DOB-SSN,200
+NAME+PHONE+SSN+ACCT_NUM (Ambiguous),200
+SURNAME+DOB+SSN+DRLIC+ACCT_NUM,198
+PHONE-SSN-DRLIC-PASSPORT,198
+DOB+ADDRESS+DRLIC+PASSPORT+ACCT_NUM,198
+PNAME+PASSPORT+LOGIN_ID+ACCT_NUM,197
+PNAME+LOGIN_ID-SSN-DRLIC-PASSPORT,197
+DOB+LOGIN_ID+ACCT_NUM,197
+SURNAME+DOB+ADDRESS+PASSPORT+ACCT_NUM,195
+PNAME+ADDRESS-DOB-PASSPORT,194
+PHONE+SSN+PASSPORT+LOGIN_ID+ACCT_NUM,194
+ADDRESS+SSN+DRLIC+LOGIN_ID+ACCT_NUM,194
+LOGIN_ID-GENERATION-DOB-GENDER,191
+SURNAME+ADDRESS+PHONE+SSN+DRLIC+LOGIN_ID+ACCT_NUM,188
+PNAME+DOB+PASSPORT,188
+DOB+ADDRESS+SSN+LOGIN_ID+ACCT_NUM,187
+DOB+ADDRESS+DRLIC+LOGIN_ID,186
+SURNAME+DOB+LOGIN_ID,185
+PNAME+ADDRESS-GENDER,185
+SURNAME+PHONE+DRLIC+LOGIN_ID,185
+LOGIN_ID-GENERATION-DOB-GENDER-SSN-PASSPORT,183
+PNAME+ADDRESS-GENDER-SSN,182
+DOB+SSN+LOGIN_ID+ACCT_NUM,181
+PNAME+LOGIN_ID-DOB-SSN-DRLIC-PASSPORT,181
+SURNAME+LOGIN_ID-PASSPORT,181
+LIKELY_NAME+PHONE,180
+PNAME+ADDRESS+ACCT_NUM (Ambiguous),179
+SURNAME+DOB+ADDRESS+PHONE+LOGIN_ID+ACCT_NUM,179
+PNAME+ADDRESS-DRLIC,176
+SURNAME+ADDRESS-DOB-SSN,176
+SURNAME+LOGIN_ID+ACCT_NUM,174
+PNAME+ADDRESS+PHONE+SSN+DRLIC (Ambiguous),174
+PNAME+DRLIC+PASSPORT+LOGIN_ID,173
+SURNAME+DOB+ADDRESS+PHONE+DRLIC+PASSPORT+ACCT_NUM,172
+PNAME+DOB+ADDRESS+PHONE+SSN (Ambiguous),171
+SURNAME+ADDRESS+SSN+DRLIC+PASSPORT+ACCT_NUM,171
+SURNAME+DOB+DRLIC+ACCT_NUM,170
+DRLIC+LOGIN_ID+ACCT_NUM,170
+ADDRESS+SSN+PASSPORT+LOGIN_ID+ACCT_NUM,169
+DOB+PHONE+PASSPORT+LOGIN_ID,169
+NAME+ADDRESS+PHONE+ACCT_NUM (Ambiguous),168
+PHONE-DOB-SSN-DRLIC-PASSPORT,167
+PNAME+LOGIN_ID-DOB-GENDER,167
+NAME+SSN (Ambiguous),166
+DOB+ADDRESS+PHONE+SSN+DRLIC+PASSPORT+ACCT_NUM,165
+SURNAME+PHONE+PASSPORT+LOGIN_ID,164
+ADDRESS+DRLIC+LOGIN_ID+ACCT_NUM,163
+DOB+LOGIN_ID-GENDER-SSN,162
+NAME+ADDRESS+SSN+ACCT_NUM (Ambiguous),160
+SURNAME+DOB+PHONE+DRLIC+PASSPORT,160
+ADDRESS-GENERATION-GENDER,159
+LIKELY_NAME+ADDRESS,158
+ADDRESS+PASSPORT+LOGIN_ID+ACCT_NUM,158
+PNAME+SSN+PASSPORT,156
+PNAME+PHONE+SSN+DRLIC (Ambiguous),155
+SURNAME+SSN+LOGIN_ID+ACCT_NUM,154
+DOB+SSN+DRLIC+PASSPORT+ACCT_NUM,154
+SURNAME+DOB+ADDRESS+SSN+LOGIN_ID,153
+SURNAME+ADDRESS-GENDER,152
+SURNAME+ADDRESS+DRLIC+LOGIN_ID,151
+SURNAME+DOB+PHONE+SSN+PASSPORT+ACCT_NUM,150
+SURNAME+DOB+ADDRESS+DRLIC+PASSPORT,150
+ADDRESS+PHONE+SSN+DRLIC+PASSPORT+LOGIN_ID+ACCT_NUM,150
+DOB+ADDRESS+PHONE+PASSPORT+LOGIN_ID+ACCT_NUM,147
+SURNAME+ADDRESS+SSN+DRLIC+LOGIN_ID,146
+SURNAME+LOGIN_ID-DOB-SSN-PASSPORT,146
+SURNAME+DOB+SSN+LOGIN_ID,145
+DOB+ADDRESS+PHONE+SSN+DRLIC+LOGIN_ID,144
+SURNAME+PHONE+SSN+PASSPORT+LOGIN_ID,144
+PNAME+LOGIN_ID-GENDER-SSN-PASSPORT,143
+PASSPORT-SSN,142
+SSN+DRLIC+LOGIN_ID+ACCT_NUM,142
+PNAME+ADDRESS-DOB-SSN-DRLIC,142
+SURNAME+DOB+ADDRESS+SSN+PASSPORT+ACCT_NUM,142
+NAME+ADDRESS+PHONE+SSN+DRLIC (Ambiguous),142
+DOB+ADDRESS+SSN+DRLIC+LOGIN_ID,141
+PHONE+DRLIC+PASSPORT+LOGIN_ID,141
+SURNAME+ADDRESS+DRLIC+PASSPORT+ACCT_NUM,141
+SURNAME+ADDRESS+PHONE+SSN+PASSPORT+LOGIN_ID+ACCT_NUM,140
+ADDRESS-GENERATION-DOB-GENDER-SSN,138
+PNAME+DOB+ADDRESS+PHONE+ACCT_NUM (Ambiguous),138
-DOB-GENDER-DRLIC-PASSPORT,138
+LIKELY_NAME+SSN,137
+LIKELY_NAME+PHONE+ACCT_NUM,137
+DOB+PHONE+SSN+DRLIC+PASSPORT+ACCT_NUM,137
+NAME+ADDRESS (Ambiguous),136
+DOB+ADDRESS+SSN+DRLIC+PASSPORT+ACCT_NUM,136
+SURNAME+DOB+SSN+PASSPORT+ACCT_NUM,136
+NAME+LOGIN_ID-SSN,136
+SURNAME+ADDRESS+PHONE+DRLIC+LOGIN_ID+ACCT_NUM,135
+DOB+ADDRESS+PASSPORT+LOGIN_ID,134
+SURNAME+LOGIN_ID-GENDER-SSN-PASSPORT,134
+SURNAME+ADDRESS-DOB,133
+DOB+PHONE+SSN+DRLIC+LOGIN_ID,132
+PHONE-DRLIC-PASSPORT,132
+PNAME+ADDRESS+PHONE+SSN+PASSPORT (Ambiguous),132
+PNAME+ADDRESS+SSN+DRLIC (Ambiguous),132
+PNAME+LOGIN_ID-DRLIC-PASSPORT,132
+PNAME+DOB+ADDRESS+PHONE+SSN+ACCT_NUM (Ambiguous),131
+ADDRESS-GENERATION-DOB-SSN-PASSPORT,129
+SURNAME+DOB+ADDRESS+PHONE+SSN+LOGIN_ID+ACCT_NUM,129
+SURNAME+LOGIN_ID-SSN-DRLIC,129
+PNAME+DRLIC-SSN-PASSPORT,129
+NAME+PHONE (Ambiguous),128
+DOB+DRLIC+PASSPORT+ACCT_NUM,128
+SURNAME+DRLIC+LOGIN_ID,127
+LOGIN_ID-GENERATION-SSN-DRLIC,127
+SURNAME+ADDRESS+PASSPORT+LOGIN_ID,127
+DOB+DRLIC+LOGIN_ID,126
+PHONE+SSN+DRLIC+PASSPORT+LOGIN_ID,126
+PNAME+PHONE+SSN+PASSPORT (Ambiguous),123
+SURNAME+SSN+DRLIC+LOGIN_ID,122
+NAME+SSN+ACCT_NUM (Ambiguous),122
+DOB+LOGIN_ID-GENDER,121
+LIKELY_NAME+PHONE+SSN+ACCT_NUM,121
+LOGIN_ID-GENERATION-GENDER-PASSPORT,121
+SURNAME+DOB+ADDRESS+PHONE+SSN+DRLIC+PASSPORT,120
+NAME+ADDRESS-SSN,119
+SSN+PASSPORT+LOGIN_ID+ACCT_NUM,119
+DOB+SSN+DRLIC+LOGIN_ID,119
+PNAME+DRLIC-DOB,118
+SURNAME+ADDRESS+SSN+PASSPORT+LOGIN_ID,118
+PHONE-GENDER-SSN-DRLIC-PASSPORT,116
+SURNAME+DOB+PASSPORT+ACCT_NUM,116
+PNAME+DOB+ADDRESS+SSN (Ambiguous),116
+NAME+DOB+ADDRESS+PHONE+SSN (Ambiguous),114
+PNAME+SSN-DOB,114
+SURNAME+ADDRESS+PHONE+PASSPORT+LOGIN_ID+ACCT_NUM,114
+PHONE-DOB-GENDER-DRLIC,114
+SURNAME+SSN+DRLIC+PASSPORT+ACCT_NUM,113
+SURNAME+DOB+ADDRESS+PHONE+DRLIC+LOGIN_ID,113
+LOGIN_ID-GENERATION-DOB-PASSPORT,112
+SURNAME+DRLIC+PASSPORT+ACCT_NUM,112
+SURNAME+ADDRESS-SSN-PASSPORT,112
+DOB+PASSPORT+LOGIN_ID,112
+PNAME+SSN+DRLIC (Ambiguous),111
+PNAME+DOB+PHONE+SSN (Ambiguous),111
+ADDRESS-GENERATION-DOB,111
+LIKELY_NAME+ADDRESS+ACCT_NUM,109
+PNAME+DOB+SSN (Ambiguous),109
+PNAME+PHONE-SSN,109
+SURNAME+DOB+SSN+DRLIC+PASSPORT,109
+ADDRESS-GENERATION-SSN-PASSPORT,108
+DOB+ADDRESS+PHONE+SSN+PASSPORT+LOGIN_ID,107
+ADDRESS+DRLIC+PASSPORT+LOGIN_ID,106
+NAME+PHONE+ACCT_NUM (Ambiguous),105
+SURNAME+DOB+ADDRESS+PHONE+PASSPORT+LOGIN_ID,105
+NAME+ADDRESS+ACCT_NUM (Ambiguous),105
+PNAME+DOB+PHONE+ACCT_NUM (Ambiguous),104
+DOB+PHONE+DRLIC+LOGIN_ID+ACCT_NUM,104
+SURNAME+DOB+PHONE+SSN+DRLIC+PASSPORT,104
+SURNAME+PASSPORT+LOGIN_ID,104
+SURNAME+ADDRESS-DOB-GENDER-SSN,102
+ADDRESS-GENERATION-DOB-GENDER-SSN-PASSPORT,102
+NAME+ADDRESS+PHONE+SSN+PASSPORT (Ambiguous),102
+SURNAME+DOB+PHONE+LOGIN_ID+ACCT_NUM,102
+PNAME+ADDRESS+SSN+PASSPORT (Ambiguous),101
+DOB+PHONE+SSN+PASSPORT+LOGIN_ID,101
+SURNAME+LOGIN_ID-DOB-GENDER-SSN-PASSPORT,99
+LIKELY_NAME+ADDRESS+SSN+ACCT_NUM,99
+SURNAME+DOB+DRLIC+PASSPORT,98
+PNAME+ADDRESS+PHONE+DRLIC (Ambiguous),97
+NAME+DOB+ADDRESS+PHONE+SSN+ACCT_NUM (Ambiguous),97
+SURNAME+DOB+PHONE+DRLIC+PASSPORT+ACCT_NUM,97
+SURNAME+DOB+ADDRESS+SSN+DRLIC+PASSPORT,97
+ADDRESS+PHONE+DRLIC+PASSPORT+LOGIN_ID+ACCT_NUM,96
+PNAME+LOGIN_ID-GENDER-PASSPORT,96
+SURNAME+LOGIN_ID-DOB-PASSPORT,96
+PNAME+SSN+PASSPORT (Ambiguous),95
+DOB+ADDRESS-SSN,95
+SURNAME+SSN+PASSPORT+LOGIN_ID,95
+SURNAME+LOGIN_ID-GENDER-PASSPORT,95
+PNAME+ADDRESS+PHONE+SSN+DRLIC+ACCT_NUM (Ambiguous),94
+PNAME+LOGIN_ID-DOB-GENDER-SSN-PASSPORT,94
+PNAME+ADDRESS-DOB-GENDER-SSN,94
+SURNAME+PHONE+DRLIC+LOGIN_ID+ACCT_NUM,94
+NAME+PHONE+SSN+DRLIC (Ambiguous),94
+ADDRESS+SSN+DRLIC+PASSPORT+LOGIN_ID,94
+PASSPORT+LOGIN_ID+ACCT_NUM,92
+SURNAME+ADDRESS-DOB-GENDER,90
+DOB+ADDRESS+PHONE+SSN+DRLIC+LOGIN_ID+ACCT_NUM,90
+LIKELY_NAME+SSN+ACCT_NUM,90
+LOGIN_ID-GENERATION-DRLIC,90
+NAME+DOB+ADDRESS+PHONE (Ambiguous),89
+SURNAME+ADDRESS+PHONE+SSN+DRLIC+PASSPORT+LOGIN_ID,89
+LIKELY_NAME+PHONE+DRLIC,89
+PNAME+DOB+PHONE+SSN+ACCT_NUM (Ambiguous),88
+DOB+ADDRESS+PHONE+DRLIC+PASSPORT+LOGIN_ID,88
+LIKELY_NAME+ACCT_NUM,88
+SURNAME+DOB+ADDRESS+LOGIN_ID+ACCT_NUM,86
+NAME+DOB+ADDRESS+SSN (Ambiguous),86
+PHONE-DOB-GENDER-SSN-DRLIC-PASSPORT,85
+SURNAME+PHONE+SSN+DRLIC+LOGIN_ID+ACCT_NUM,85
+PNAME+DRLIC-DOB-SSN-PASSPORT,85
+SURNAME+DOB+PHONE+SSN+LOGIN_ID+ACCT_NUM,84
+PNAME+PHONE+DRLIC (Ambiguous),84
+PNAME+ADDRESS-DOB-GENDER,83
+SURNAME+LOGIN_ID-DRLIC,83
+SURNAME+PHONE+SSN+PASSPORT+LOGIN_ID+ACCT_NUM,83
+ADDRESS-GENERATION-GENDER-SSN-PASSPORT,82
+DOB+ADDRESS+SSN+PASSPORT+LOGIN_ID,82
+DOB+ADDRESS+DRLIC+LOGIN_ID+ACCT_NUM,82
+DOB+LOGIN_ID-SSN-PASSPORT,82
+ADDRESS-GENERATION-DOB-GENDER,81
+DOB+PHONE+PASSPORT+LOGIN_ID+ACCT_NUM,81
+LOGIN_ID-GENERATION-DOB-SSN-DRLIC,81
+DOB+SSN+PASSPORT+LOGIN_ID,79
+LIKELY_NAME+ADDRESS+SSN+DRLIC,78
+PNAME+DRLIC-PASSPORT,78
+NAME+DOB+PHONE+SSN (Ambiguous),77
+NAME+ADDRESS+PHONE+SSN+DRLIC+ACCT_NUM (Ambiguous),77
+PNAME+ADDRESS-DOB-SSN-DRLIC-PASSPORT,77
+PNAME+ADDRESS-DOB-DRLIC,77
+PHONE-DOB-DRLIC-PASSPORT,77
+PNAME+ADDRESS-SSN-DRLIC-PASSPORT,76
+LOGIN_ID-GENERATION-GENDER-SSN-DRLIC,76
+NAME+ADDRESS+PHONE+SSN+PASSPORT+ACCT_NUM (Ambiguous),76
+PNAME+ADDRESS+PHONE+SSN+PASSPORT+ACCT_NUM (Ambiguous),76
+SURNAME+ADDRESS-PASSPORT,76
+PNAME+SSN+DRLIC+PASSPORT,76
+SURNAME+DOB+ADDRESS+PHONE+DRLIC+LOGIN_ID+ACCT_NUM,76
+LIKELY_NAME+PHONE+SSN+DRLIC,75
+PNAME+DOB+DRLIC+PASSPORT,75
+NAME+DOB+PHONE+SSN+ACCT_NUM (Ambiguous),75
+ADDRESS-GENERATION-PASSPORT,75
+NAME+ADDRESS+PHONE+DRLIC+ACCT_NUM (Ambiguous),75
+DRLIC-GENERATION-SSN,74
+SURNAME+ADDRESS+SSN+DRLIC+LOGIN_ID+ACCT_NUM,74
+SURNAME+DRLIC-SSN,73
+NAME+ADDRESS+SSN+DRLIC (Ambiguous),72
+PNAME+DOB+ADDRESS+ACCT_NUM (Ambiguous),72
+PNAME+DOB+ADDRESS+PHONE+SSN+DRLIC (Ambiguous),72
+SURNAME+ADDRESS+PHONE+SSN+DRLIC+PASSPORT+LOGIN_ID+ACCT_NUM,72
+SURNAME+DOB+ADDRESS+DRLIC+PASSPORT+ACCT_NUM,71
+PNAME+ADDRESS+PHONE+PASSPORT (Ambiguous),71
+NAME+ADDRESS+PHONE+DRLIC (Ambiguous),71
+PNAME+DOB+ADDRESS+PHONE (Ambiguous),70
+PNAME+PHONE+SSN+PASSPORT+ACCT_NUM (Ambiguous),70
+PNAME+DOB+ADDRESS+SSN+ACCT_NUM (Ambiguous),70
+PNAME+PHONE+PASSPORT (Ambiguous),70
+LIKELY_NAME+DOB+ADDRESS,70
+LIKELY_NAME+DOB+PHONE,70
+DOB+PHONE+DRLIC+PASSPORT+LOGIN_ID,69
+SSN+DRLIC+PASSPORT+LOGIN_ID,69
+SURNAME+PHONE+PASSPORT+LOGIN_ID+ACCT_NUM,69
+PHONE+SSN+DRLIC+PASSPORT+LOGIN_ID+ACCT_NUM,68
+SURNAME+DOB+PHONE+PASSPORT+LOGIN_ID,68
+DOB+SSN-GENDER,68
+NAME+DOB+ADDRESS+PHONE+ACCT_NUM (Ambiguous),67
+PNAME+DOB+ACCT_NUM (Ambiguous),67
+SURNAME+DOB+ADDRESS+PHONE+SSN+DRLIC+PASSPORT+ACCT_NUM,67
+NAME+PHONE+SSN+PASSPORT (Ambiguous),67
+SURNAME+DOB+PHONE+DRLIC+LOGIN_ID,66
+LOGIN_ID-GENERATION-DOB-GENDER-PASSPORT,66
+PNAME+PHONE+SSN+DRLIC+ACCT_NUM (Ambiguous),66
+SURNAME+ADDRESS+PHONE+DRLIC+PASSPORT+LOGIN_ID,66
+PHONE-GENDER-DRLIC-PASSPORT,66
+NAME+ADDRESS+SSN+PASSPORT (Ambiguous),66
+SURNAME+ADDRESS+PASSPORT+LOGIN_ID+ACCT_NUM,65
+PASSPORT-DOB-SSN,65
+NAME+ADDRESS-DOB-SSN,65
+DRLIC+PASSPORT+LOGIN_ID,65
+PNAME+ADDRESS+DRLIC (Ambiguous),64
+SURNAME+LOGIN_ID-GENDER-SSN-DRLIC,64
+DOB+ADDRESS+SSN+DRLIC+LOGIN_ID+ACCT_NUM,63
+SURNAME+LOGIN_ID-DOB-SSN-DRLIC,63
+NAME+SSN+DRLIC (Ambiguous),62
+LOGIN_ID-GENERATION-DOB-SSN-DRLIC-PASSPORT,62
+PNAME+LOGIN_ID-DOB-DRLIC-PASSPORT,62
+NAME+PHONE+SSN+DRLIC+ACCT_NUM (Ambiguous),62
+PASSPORT-GENDER-SSN,62
+SURNAME+DRLIC+LOGIN_ID+ACCT_NUM,61
+SURNAME+ADDRESS+DRLIC+LOGIN_ID+ACCT_NUM,61
+PNAME+ADDRESS-GENDER-SSN-PASSPORT,61
+SURNAME+DOB+ADDRESS+DRLIC+LOGIN_ID,61
+DOB+PHONE+SSN+DRLIC+LOGIN_ID+ACCT_NUM,60
+LOGIN_ID-GENERATION-DOB-GENDER-SSN-DRLIC,60
+DOB+ADDRESS+PASSPORT+LOGIN_ID+ACCT_NUM,59
+PNAME+DRLIC+PASSPORT+LOGIN_ID+ACCT_NUM,58
+SURNAME+ADDRESS-GENDER-SSN-PASSPORT,58
+LIKELY_NAME+PHONE+SSN+PASSPORT,58
+NAME+DOB-GENERATION-SSN,58
+NAME+DOB+PHONE (Ambiguous),57
+NAME+PHONE-SSN,57
+PASSPORT-GENDER,57
+PNAME+ADDRESS+PHONE+PASSPORT+ACCT_NUM (Ambiguous),57
+DOB+ADDRESS-GENDER-SSN,57
+LIKELY_NAME+DRLIC,57
+SURNAME+LOGIN_ID-GENDER-DRLIC,56
+SURNAME+DOB+PHONE+SSN+DRLIC+PASSPORT+ACCT_NUM,56
+NAME+DOB+SSN (Ambiguous),56
+SURNAME+DOB+ADDRESS+SSN+LOGIN_ID+ACCT_NUM,56
+PASSPORT-DOB,56
+DOB+DRLIC+LOGIN_ID+ACCT_NUM,56
+SURNAME+DOB+DRLIC+PASSPORT+ACCT_NUM,55
+PNAME+PHONE-DOB-SSN,55
+PNAME+DOB+SSN+ACCT_NUM (Ambiguous),55
+LOGIN_ID-GENERATION-DOB-DRLIC,54
+PNAME+ADDRESS+PHONE+DRLIC+ACCT_NUM (Ambiguous),54
+LIKELY_NAME+ADDRESS+DRLIC,54
+PHONE+DRLIC+PASSPORT+LOGIN_ID+ACCT_NUM,53
+PNAME-SSN,53
+LOGIN_ID-GENERATION-DOB-GENDER-SSN-DRLIC-PASSPORT,53
+NAME+SSN+PASSPORT (Ambiguous),53
+NAME+ADDRESS+PHONE+PASSPORT (Ambiguous),53
+PHONE-DOB-GENDER-DRLIC-PASSPORT,52
+NAME+ADDRESS+SSN+DRLIC+ACCT_NUM (Ambiguous),52
+NAME+DOB+ADDRESS+SSN+ACCT_NUM (Ambiguous),52
+NAME+LOGIN_ID-DOB-SSN,52
+PNAME+ADDRESS+SSN+DRLIC+ACCT_NUM (Ambiguous),51
+NAME+LOGIN_ID-DOB,51
+NAME+PHONE+DRLIC (Ambiguous),50
+DOB+SSN+PASSPORT+LOGIN_ID+ACCT_NUM,50
+PNAME+SSN-PASSPORT,50
+SURNAME+DOB+LOGIN_ID+ACCT_NUM,50
+LIKELY_NAME+PHONE+PASSPORT,50
+SURNAME+ADDRESS+SSN+PASSPORT+LOGIN_ID+ACCT_NUM,50
+NAME+DOB+ADDRESS (Ambiguous),50
+DOB+ADDRESS+PHONE+SSN+PASSPORT+LOGIN_ID+ACCT_NUM,50
+LIKELY_NAME+ADDRESS+SSN+PASSPORT,49
+SURNAME+LOGIN_ID-DOB-GENDER-PASSPORT,49
+SSN-GENERATION,49
+DOB+LOGIN_ID-GENDER-SSN-PASSPORT,49
+NAME+DOB+PHONE+ACCT_NUM (Ambiguous),49
+SURNAME+DOB+SSN+LOGIN_ID+ACCT_NUM,48
+PNAME+ADDRESS+PHONE+SSN,48
+SURNAME+DOB+SSN+DRLIC+PASSPORT+ACCT_NUM,48
+SURNAME+DOB+ADDRESS+PHONE+SSN+DRLIC+LOGIN_ID,47
+DRLIC-GENERATION-GENDER-SSN,47
+LIKELY_NAME+DOB+PHONE+ACCT_NUM,47
+ADDRESS+DRLIC+PASSPORT+LOGIN_ID+ACCT_NUM,47
+NAME+DOB (Ambiguous),46
+SURNAME+DOB+ADDRESS+SSN+DRLIC+PASSPORT+ACCT_NUM,46
+SURNAME+DRLIC-DOB,46
+PNAME+LOGIN_ID-GENDER-SSN-DRLIC,46
+ADDRESS+SSN+DRLIC+PASSPORT+LOGIN_ID+ACCT_NUM,46
+LOGIN_ID-GENERATION-SSN-DRLIC-PASSPORT,46
+PNAME+ADDRESS-GENDER-PASSPORT,46
+SURNAME+DOB+ADDRESS+PASSPORT+LOGIN_ID,46
+SURNAME+PHONE+SSN+DRLIC+PASSPORT+LOGIN_ID,46
+SURNAME+DOB+PHONE+DRLIC+LOGIN_ID+ACCT_NUM,45
+SURNAME+PHONE+DRLIC+PASSPORT+LOGIN_ID,45
+PNAME+ADDRESS+PHONE+SSN+LOGIN_ID (Ambiguous),45
+ADDRESS-GENERATION-DOB-PASSPORT,45
+DOB+ADDRESS+SSN+PASSPORT+LOGIN_ID+ACCT_NUM,45
+NAME+DOB+ADDRESS+ACCT_NUM (Ambiguous),45
+SURNAME+DOB+ADDRESS+PHONE+PASSPORT+LOGIN_ID+ACCT_NUM,45
+NAME+DOB-GENERATION,45
+PNAME+SSN-DRLIC,44
+DOB+LOGIN_ID-PASSPORT,44
+LOGIN_ID-GENERATION-GENDER-DRLIC,44
+PNAME+ADDRESS+SSN+PASSPORT+ACCT_NUM (Ambiguous),44
+PNAME+ADDRESS+PHONE+SSN+DRLIC+PASSPORT (Ambiguous),44
+ADDRESS-GENERATION-SSN-DRLIC,44
+SURNAME+ADDRESS-DOB-PASSPORT,44
+SURNAME+ADDRESS-DOB-SSN-PASSPORT,44
+SURNAME+DOB+ADDRESS+PHONE+SSN+DRLIC+LOGIN_ID+ACCT_NUM,43
+PNAME+DOB+PHONE+SSN+DRLIC (Ambiguous),43
+NAME+PHONE+DRLIC+ACCT_NUM (Ambiguous),43
+DOB+PHONE+SSN+PASSPORT+LOGIN_ID+ACCT_NUM,43
+PNAME+LOGIN_ID-GENDER-DRLIC,43
+DRLIC-GENERATION,43
+NAME+ADDRESS+DRLIC (Ambiguous),43
+NAME+ADDRESS+PHONE+SSN+LOGIN_ID (Ambiguous),43
+PNAME+DOB+ADDRESS+SSN+DRLIC (Ambiguous),43
+PNAME+PHONE+SSN+LOGIN_ID (Ambiguous),43
+DOB+SSN+DRLIC+LOGIN_ID+ACCT_NUM,43
+NAME+DOB+ADDRESS+PHONE+SSN+DRLIC (Ambiguous),42
+DOB+ADDRESS+PHONE+DRLIC+PASSPORT+LOGIN_ID+ACCT_NUM,42
+PNAME+PHONE-GENDER-SSN,42
+PNAME+PHONE+DRLIC+ACCT_NUM (Ambiguous),42
+SURNAME+ADDRESS+PHONE+DRLIC+PASSPORT+LOGIN_ID+ACCT_NUM,42
+NAME+DOB+SSN+ACCT_NUM (Ambiguous),42
+PNAME,42
+LIKELY_NAME+ADDRESS+PASSPORT,42
+PNAME+PHONE+SSN+DRLIC+PASSPORT (Ambiguous),41
+NAME+SSN,41
+NAME+LOGIN_ID-GENDER-SSN,41
+PNAME+LOGIN_ID-DOB-GENDER-PASSPORT,41
+SURNAME+LOGIN_ID-DOB-DRLIC,41
+ADDRESS-GENERATION-GENDER-PASSPORT,41
+PNAME+PHONE-DOB,40
+SURNAME+DOB+PHONE+SSN+PASSPORT+LOGIN_ID,40
+SURNAME+DOB+DRLIC+LOGIN_ID,40
+PNAME+PHONE+PASSPORT+ACCT_NUM (Ambiguous),40
+SURNAME+DOB+SSN+DRLIC+LOGIN_ID,40
+PNAME+ADDRESS-DRLIC-PASSPORT,40
+NAME+ADDRESS+PHONE+PASSPORT+ACCT_NUM (Ambiguous),40
+PNAME+PHONE-GENDER,40
+NAME+ADDRESS-SSN-PASSPORT,39
+PNAME+SSN+PASSPORT+ACCT_NUM (Ambiguous),39
+PNAME+DOB+ADDRESS+PHONE+DRLIC (Ambiguous),39
+PNAME+SSN+DRLIC+ACCT_NUM (Ambiguous),39
+NAME+ADDRESS-DOB,39
+PNAME+DOB+ADDRESS+PHONE+SSN+PASSPORT (Ambiguous),39
+SURNAME+DOB+ADDRESS+SSN+DRLIC+LOGIN_ID,38
+SURNAME+PASSPORT+LOGIN_ID+ACCT_NUM,38
+PNAME+ADDRESS+DRLIC+ACCT_NUM (Ambiguous),38
+SURNAME+DOB+ADDRESS+SSN+PASSPORT+LOGIN_ID,38
+SURNAME+ADDRESS-SSN-DRLIC,38
+SURNAME+DRLIC-GENDER,37
+PNAME+SSN-DOB-PASSPORT,37
+LIKELY_NAME+DOB+ADDRESS+ACCT_NUM,37
+DRLIC-GENERATION-DOB-SSN,37
+PNAME+LOGIN_ID-DOB-GENDER-SSN-DRLIC,37
+ADDRESS-GENERATION-DOB-GENDER-PASSPORT,37
+SURNAME+DRLIC-GENDER-SSN,37
+LIKELY_NAME+PHONE+DRLIC+ACCT_NUM,37
+SURNAME+ADDRESS-DOB-GENDER-SSN-PASSPORT,37
+NAME+ADDRESS+PHONE,37
+SURNAME+ADDRESS+SSN+DRLIC+PASSPORT+LOGIN_ID+ACCT_NUM,36
+SURNAME+DOB+ADDRESS+PHONE+SSN+PASSPORT+LOGIN_ID,36
+NAME+PHONE+PASSPORT (Ambiguous),36
+PNAME+ADDRESS+PASSPORT (Ambiguous),36
+NAME+DOB+PHONE+SSN+DRLIC (Ambiguous),36
+PNAME-DOB-SSN,36
+DOB+PASSPORT+LOGIN_ID+ACCT_NUM,35
+SURNAME+DOB+ADDRESS+PHONE+DRLIC+PASSPORT+LOGIN_ID,35
+NAME+ADDRESS-GENDER-SSN,35
+SURNAME+DOB+SSN+PASSPORT+LOGIN_ID,35
+PNAME+DOB+ADDRESS+PHONE+PASSPORT (Ambiguous),35
+NAME+PHONE+SSN+PASSPORT+ACCT_NUM (Ambiguous),35
+NAME+LOGIN_ID-GENDER,35
+LIKELY_NAME+ADDRESS+PHONE+DRLIC,35
+LIKELY_NAME+SSN+DRLIC,35
+NAME+ADDRESS+SSN+PASSPORT+ACCT_NUM (Ambiguous),35
+PNAME+SSN-GENDER,34
+SURNAME+ADDRESS-GENDER-PASSPORT,34
+LIKELY_NAME+DOB+PHONE+SSN,34
+DRLIC-GENERATION-SSN-PASSPORT,34
+NAME+DOB+ACCT_NUM (Ambiguous),34
+PASSPORT-DOB-GENDER-SSN,34
+SURNAME+DOB+PHONE+SSN+DRLIC+LOGIN_ID,34
+DOB+ADDRESS+PHONE+SSN+DRLIC+PASSPORT+LOGIN_ID,34
+PNAME+DOB+SSN+DRLIC (Ambiguous),34
+PNAME+DOB+ADDRESS+SSN+PASSPORT (Ambiguous),34
+PNAME+DOB+ADDRESS+DRLIC (Ambiguous),34
+SURNAME+DRLIC-DOB-SSN,34
+NAME+DOB+ADDRESS+PHONE+SSN+DRLIC+ACCT_NUM (Ambiguous),34
+LIKELY_NAME+PHONE+SSN+DRLIC+ACCT_NUM,34
+PNAME+ADDRESS-DOB-GENDER-SSN-PASSPORT,34
+SURNAME+ADDRESS+SSN+DRLIC+PASSPORT+LOGIN_ID,33
+DOB+PHONE+DRLIC+PASSPORT+LOGIN_ID+ACCT_NUM,33
+PNAME+ADDRESS+PHONE+LOGIN_ID (Ambiguous),33
+NAME+DOB+ADDRESS+PHONE+SSN+PASSPORT (Ambiguous),33
+SURNAME+SSN+PASSPORT+LOGIN_ID+ACCT_NUM,33
+PNAME+DOB+PHONE+SSN+PASSPORT (Ambiguous),33
+PNAME+DOB+ADDRESS+PHONE+SSN+DRLIC+ACCT_NUM (Ambiguous),33
+NAME+ADDRESS+PHONE+SSN+DRLIC+PASSPORT (Ambiguous),33
+SURNAME+DOB+ADDRESS+DRLIC+LOGIN_ID+ACCT_NUM,32
+PNAME+ADDRESS+SSN+LOGIN_ID (Ambiguous),31
+PNAME+DOB+PHONE+DRLIC+ACCT_NUM (Ambiguous),31
+SURNAME+DOB+PHONE+PASSPORT+LOGIN_ID+ACCT_NUM,31
+DOB+SSN-PASSPORT,31
+PNAME+DOB+ADDRESS+PHONE+SSN+PASSPORT+ACCT_NUM (Ambiguous),31
+DRLIC+PASSPORT+LOGIN_ID+ACCT_NUM,31
+PNAME+DOB+SSN+PASSPORT (Ambiguous),31
+DRLIC-GENERATION-DOB-GENDER-SSN-PASSPORT,31
+SURNAME+ADDRESS+DRLIC+PASSPORT+LOGIN_ID,31
+DOB+ADDRESS+SSN+DRLIC+PASSPORT+LOGIN_ID,31
+SURNAME+PHONE+SSN+DRLIC+PASSPORT+LOGIN_ID+ACCT_NUM,31
+PNAME+DOB+PHONE+PASSPORT (Ambiguous),30
+PNAME+DRLIC-DOB-PASSPORT,30
+PNAME+DOB+ADDRESS+PHONE+DRLIC+ACCT_NUM (Ambiguous),30
+NAME+ADDRESS+DRLIC+ACCT_NUM (Ambiguous),30
+NAME+PHONE+PASSPORT+ACCT_NUM (Ambiguous),30
+LIKELY_NAME+PHONE+SSN+LOGIN_ID,30
+PNAME+PHONE-SSN-PASSPORT,29
+NAME+ADDRESS-GENDER,29
+DOB+LOGIN_ID-DRLIC,29
+NAME+ACCT_NUM (Ambiguous),29
+PNAME+SSN+LOGIN_ID (Ambiguous),29
+LIKELY_NAME+PHONE+LOGIN_ID,29
+NAME+DOB+SSN+DRLIC (Ambiguous),29
+DRLIC-GENERATION-DOB-GENDER-SSN,29
+PASSPORT-DOB-GENDER,29
+LIKELY_NAME+PASSPORT,29
+DOB+ADDRESS+DRLIC+PASSPORT+LOGIN_ID,29
+ADDRESS-GENERATION-DRLIC,29
+SURNAME+DOB+PASSPORT+LOGIN_ID,28
+SURNAME+SSN+DRLIC+LOGIN_ID+ACCT_NUM,28
+LIKELY_NAME+DOB+PHONE+PASSPORT,28
+SURNAME+SSN+DRLIC+PASSPORT+LOGIN_ID,28
+SURNAME+DOB+ADDRESS+PASSPORT+LOGIN_ID+ACCT_NUM,28
+DRLIC-GENERATION-GENDER,28
+LIKELY_NAME+SSN+PASSPORT,28
+NAME+DOB-GENERATION-SSN-PASSPORT,28
+PNAME+DOB+PHONE+DRLIC (Ambiguous),28
+DOB+ADDRESS-GENDER,28
+LIKELY_NAME+DOB+PHONE+DRLIC,28
+PNAME+DRLIC-GENDER-SSN,28
+NAME+PHONE-DRLIC,28
+PNAME+PHONE-PASSPORT,28
+SURNAME+DRLIC+PASSPORT+LOGIN_ID,27
+LIKELY_NAME+DOB+ADDRESS+DRLIC,27
+DRLIC-GENERATION-DOB-SSN-PASSPORT,27
+PNAME+DRLIC-GENDER,27
+SURNAME+ADDRESS-DOB-GENDER-PASSPORT,27
+SURNAME+ADDRESS-GENDER-SSN-DRLIC,27
+PNAME-SSN-PASSPORT,27
+LOGIN_ID-GENERATION-GENDER-SSN-DRLIC-PASSPORT,27
+LIKELY_NAME+ADDRESS+PASSPORT+ACCT_NUM,27
+SURNAME+LOGIN_ID-DOB-GENDER-SSN-DRLIC,26
+NAME+DOB+PHONE+SSN+PASSPORT (Ambiguous),26
+SURNAME+SSN-GENDER,26
+NAME+DOB+PHONE+PASSPORT (Ambiguous),26
+SURNAME+PHONE+DRLIC+PASSPORT+LOGIN_ID+ACCT_NUM,26
+NAME+SSN+DRLIC+ACCT_NUM (Ambiguous),26
+SSN+DRLIC+PASSPORT+LOGIN_ID+ACCT_NUM,26
+PNAME+DOB+ADDRESS+PHONE+PASSPORT+ACCT_NUM (Ambiguous),26
+PNAME+DOB+PASSPORT (Ambiguous),26
+NAME+PHONE-DOB-SSN,26
+NAME+PHONE+SSN+LOGIN_ID (Ambiguous),26
+NAME+ADDRESS+PASSPORT (Ambiguous),26
+DOB+SSN-GENDER-PASSPORT,26
+LIKELY_NAME+ADDRESS+SSN+DRLIC+ACCT_NUM,25
+SURNAME+LOGIN_ID-SSN-DRLIC-PASSPORT,25
+DOB+ADDRESS+DRLIC+PASSPORT+LOGIN_ID+ACCT_NUM,25
+ADDRESS-GENERATION-DOB-GENDER-SSN-DRLIC-PASSPORT,25
+DOB+ADDRESS+PHONE+SSN+DRLIC+PASSPORT+LOGIN_ID+ACCT_NUM,25
+NAME+ADDRESS+PHONE+DRLIC+PASSPORT (Ambiguous),25
+PNAME+LOGIN_ID-GENDER-SSN-DRLIC-PASSPORT,25
+NAME+LOGIN_ID-SSN-PASSPORT,25
+LIKELY_NAME+DRLIC+ACCT_NUM,25
+LOGIN_ID-GENERATION-DRLIC-PASSPORT,25
+NAME+ADDRESS+PHONE-DRLIC,25
+LIKELY_NAME+PHONE+SSN+PASSPORT+ACCT_NUM,25
+SURNAME+DOB+ADDRESS+SSN+DRLIC+LOGIN_ID+ACCT_NUM,25
+NAME+SSN+PASSPORT+ACCT_NUM (Ambiguous),25
+DOB+ADDRESS-PASSPORT,24
+SURNAME+DOB+PHONE+SSN+DRLIC+LOGIN_ID+ACCT_NUM,24
+PNAME+ADDRESS-DOB-DRLIC-PASSPORT,24
+PNAME+ADDRESS+PHONE+SSN+LOGIN_ID+ACCT_NUM (Ambiguous),24
+LIKELY_NAME+ADDRESS+DRLIC+ACCT_NUM,24
+PNAME+PHONE+SSN+LOGIN_ID+ACCT_NUM (Ambiguous),24
+PNAME+PHONE+SSN,24
+PNAME+ADDRESS+PHONE+SSN+DRLIC+PASSPORT+ACCT_NUM (Ambiguous),24
+NAME+ADDRESS+SSN+LOGIN_ID (Ambiguous),24
+PNAME+ADDRESS-GENDER-DRLIC,24
+PNAME+DOB+PHONE+SSN+DRLIC+ACCT_NUM (Ambiguous),24
+PNAME+DOB+ADDRESS+PHONE+LOGIN_ID (Ambiguous),24
+PNAME-DOB-SSN-PASSPORT,24
+ADDRESS-GENERATION-DOB-SSN-DRLIC,24
+DOB+SSN+DRLIC+PASSPORT+LOGIN_ID,24
+PNAME+ADDRESS+PHONE+DRLIC+PASSPORT (Ambiguous),23
+NAME+LOGIN_ID-DOB-GENDER-SSN,23
+DOB+DRLIC-SSN,23
+PNAME+ADDRESS+SSN+DRLIC+PASSPORT (Ambiguous),23
+DOB+DRLIC+PASSPORT+LOGIN_ID,23
+SURNAME+LOGIN_ID-DOB-GENDER-DRLIC,23
+NAME+PHONE+SSN+DRLIC+PASSPORT (Ambiguous),23
+PNAME+DOB+ADDRESS+PASSPORT (Ambiguous),23
+LIKELY_NAME+PHONE+PASSPORT+ACCT_NUM,23
+DOB+ADDRESS-SSN-PASSPORT,23
+LIKELY_NAME+DOB+DRLIC,23
+NAME+DOB+ADDRESS+PHONE+DRLIC+ACCT_NUM (Ambiguous),23
+LIKELY_NAME+DOB+ADDRESS+SSN,23
+NAME+ADDRESS+PHONE+SSN+DRLIC+PASSPORT+ACCT_NUM (Ambiguous),23
+DRLIC-GENERATION-DOB,22
-GENERATION-SSN,22
+DOB+PHONE+SSN+DRLIC+PASSPORT+LOGIN_ID,22
+NAME+ADDRESS+PHONE+LOGIN_ID (Ambiguous),22
+ADDRESS-GENERATION-DOB-GENDER-SSN-DRLIC,22
+ADDRESS-GENERATION-DOB-SSN-DRLIC-PASSPORT,22
+NAME+PHONE,22
+DOB+ADDRESS+SSN+DRLIC+PASSPORT+LOGIN_ID+ACCT_NUM,22
+LOGIN_ID-GENERATION-DOB-GENDER-DRLIC,22
+NAME+DOB+ADDRESS+PHONE+SSN+PASSPORT+ACCT_NUM (Ambiguous),22
+NAME+DOB+PHONE+DRLIC (Ambiguous),22
+SURNAME+DOB+ADDRESS+PHONE+DRLIC+PASSPORT+LOGIN_ID+ACCT_NUM,22
+NAME+DOB+PHONE+SSN+DRLIC+ACCT_NUM (Ambiguous),21
+PNAME-DOB,21
+DOB+LOGIN_ID-SSN-DRLIC-PASSPORT,21
+NAME+DOB+ADDRESS+SSN+DRLIC (Ambiguous),21
+NAME+DOB+ADDRESS+PHONE+SSN+LOGIN_ID (Ambiguous),21
+NAME+ADDRESS-PASSPORT,21
+SURNAME+DOB+ADDRESS+PHONE+SSN+PASSPORT+LOGIN_ID+ACCT_NUM,21
+PNAME+DOB+ADDRESS+PHONE+SSN+LOGIN_ID (Ambiguous),21
+PNAME+DOB+PHONE+SSN+PASSPORT+ACCT_NUM (Ambiguous),21
+DOB+LOGIN_ID-SSN-DRLIC,21
+PNAME+ADDRESS+SSN,21
+LIKELY_NAME+DOB+ACCT_NUM,21
+PNAME+PHONE+LOGIN_ID (Ambiguous),20
+SURNAME+ADDRESS-DRLIC,20
+NAME+DOB+ADDRESS+PHONE+PASSPORT (Ambiguous),20
+NAME+ADDRESS+PHONE+SSN-DRLIC,20
+LIKELY_NAME+ADDRESS+SSN+LOGIN_ID,20
+NAME+ADDRESS-DOB-SSN-PASSPORT,20
+NAME+DOB+ADDRESS+PHONE+SSN+DRLIC+PASSPORT (Ambiguous),20
+SURNAME+LOGIN_ID-GENDER-SSN-DRLIC-PASSPORT,20
+LIKELY_NAME+ADDRESS+LOGIN_ID,20
+SURNAME+ADDRESS-GENDER-DRLIC,20
+SURNAME+LOGIN_ID-DOB-SSN-DRLIC-PASSPORT,20
+PNAME+ADDRESS+PASSPORT+ACCT_NUM (Ambiguous),20
+PNAME+DOB+ADDRESS+SSN+DRLIC+ACCT_NUM (Ambiguous),20
+PNAME+ADDRESS-GENDER-SSN-DRLIC,20
+PNAME+LOGIN_ID-GENDER-DRLIC-PASSPORT,19
+SURNAME+ADDRESS+DRLIC+PASSPORT+LOGIN_ID+ACCT_NUM,19
+SURNAME+LOGIN_ID-DOB-GENDER-SSN-DRLIC-PASSPORT,19
+LOGIN_ID-GENERATION-GENDER-DRLIC-PASSPORT,19
+SURNAME+LOGIN_ID-DRLIC-PASSPORT,19
+PNAME+PHONE-DRLIC,19
+PNAME+DOB+DRLIC+ACCT_NUM (Ambiguous),19
+ADDRESS-GENERATION-DOB-DRLIC,19
+NAME+DOB+PHONE+SSN+PASSPORT+ACCT_NUM (Ambiguous),19
+LIKELY_NAME+PHONE+DRLIC+PASSPORT,19
+PNAME+SSN+DRLIC+PASSPORT (Ambiguous),19
+NAME+PHONE-DOB,19
+PNAME+LOGIN_ID-DOB-GENDER-DRLIC,19
+SURNAME+SSN-DOB,19
+LIKELY_NAME+PHONE+SSN+DRLIC+PASSPORT,18
+SURNAME+ADDRESS-DOB-SSN-DRLIC,18
+NAME+ADDRESS,18
+ADDRESS-GENERATION-GENDER-SSN-DRLIC,18
+NAME+DOB+ADDRESS+PHONE,18
+LOGIN_ID-GENERATION-DOB-DRLIC-PASSPORT,18
+PNAME+SSN+LOGIN_ID+ACCT_NUM (Ambiguous),18
+SURNAME+SSN+DRLIC+PASSPORT+LOGIN_ID+ACCT_NUM,18
+LIKELY_NAME+ADDRESS+SSN+PASSPORT+ACCT_NUM,18
+DOB+LOGIN_ID-GENDER-PASSPORT,18
+PNAME+PHONE-DOB-SSN-PASSPORT,18
+NAME+ADDRESS+PHONE+DRLIC+PASSPORT+ACCT_NUM (Ambiguous),18
+PNAME+DOB+PASSPORT+ACCT_NUM (Ambiguous),18
+NAME+DOB+PHONE+DRLIC+ACCT_NUM (Ambiguous),18
+DRLIC-GENERATION-GENDER-SSN-PASSPORT,18
+PASSPORT-DRLIC,18
+PNAME+ADDRESS+DRLIC+PASSPORT (Ambiguous),18
+PNAME+ADDRESS+LOGIN_ID (Ambiguous),18
+NAME+PHONE+DRLIC+PASSPORT (Ambiguous),18
+NAME+LOGIN_ID-PASSPORT,17
+PNAME-PASSPORT,17
+NAME+PHONE-SSN-PASSPORT,17
+PNAME+LOGIN_ID-DOB-GENDER-SSN-DRLIC-PASSPORT,17
+SURNAME+DOB+ADDRESS+SSN+DRLIC+PASSPORT+LOGIN_ID,17
+SSN-GENERATION-GENDER,17
+LIKELY_NAME+PASSPORT+ACCT_NUM,17
+LIKELY_NAME+DOB+ADDRESS+PASSPORT,17
+SSN-GENERATION-DOB-GENDER,17
+NAME+ADDRESS+PHONE+SSN+LOGIN_ID+ACCT_NUM (Ambiguous),17
+DRLIC-GENERATION-DOB-GENDER,17
+NAME+DOB+ADDRESS+PHONE+DRLIC (Ambiguous),17
+SURNAME+DOB+DRLIC+LOGIN_ID+ACCT_NUM,17
+SURNAME+DRLIC-SSN-PASSPORT,17
+PNAME+DOB+PHONE+LOGIN_ID (Ambiguous),17
+PNAME+DOB+DRLIC (Ambiguous),17
+SURNAME+DRLIC-PASSPORT,17
+NAME+LOGIN_ID-DOB-GENDER,17
+NAME+ADDRESS+SSN+DRLIC+PASSPORT (Ambiguous),17
+SURNAME+DOB+PHONE+DRLIC+PASSPORT+LOGIN_ID,16
+NAME+LOGIN_ID-SSN-DRLIC,16
+NAME+ADDRESS+PASSPORT+ACCT_NUM (Ambiguous),16
+NAME+ADDRESS-DRLIC,16
+SURNAME+DOB+ADDRESS+SSN+PASSPORT+LOGIN_ID+ACCT_NUM,16
+NAME+DOB+PHONE+SSN+LOGIN_ID (Ambiguous),16
+PNAME+ADDRESS+PHONE+LOGIN_ID+ACCT_NUM (Ambiguous),16
+PNAME+DOB+ADDRESS+PASSPORT+ACCT_NUM (Ambiguous),16
+NAME+PHONE-GENDER-SSN,16
+PNAME+SSN-DOB-GENDER,16
+DOB+DRLIC-GENDER-SSN,16
+DOB+LOGIN_ID-GENDER-SSN-DRLIC,16
+PNAME+ADDRESS+SSN+LOGIN_ID+ACCT_NUM (Ambiguous),16
+LIKELY_NAME+PHONE+LOGIN_ID+ACCT_NUM,16
+NAME+ADDRESS-DOB-GENDER-SSN,16
+LIKELY_NAME+SSN+DRLIC+ACCT_NUM,16
+PNAME+ADDRESS+SSN+DRLIC+PASSPORT+ACCT_NUM (Ambiguous),15
+DOB+ADDRESS-GENDER-SSN-PASSPORT,15
+SURNAME+PHONE-SSN,15
+PNAME+PHONE-DOB-GENDER-SSN,15
+PNAME+DOB+SSN+LOGIN_ID (Ambiguous),15
+SURNAME+DRLIC-DOB-GENDER,15
+PNAME+PHONE+SSN+DRLIC+PASSPORT+ACCT_NUM (Ambiguous),15
+PNAME+ADDRESS+PHONE+SSN-DRLIC,15
+LIKELY_NAME+ADDRESS+SSN+DRLIC+PASSPORT,15
+DRLIC-GENERATION-PASSPORT,15
+NAME+DOB+DRLIC (Ambiguous),15
+SURNAME+ADDRESS-DOB-DRLIC,15
+DOB+LOGIN_ID-GENDER-DRLIC,15
+SURNAME+DOB+ADDRESS+DRLIC+PASSPORT+LOGIN_ID,15
+NAME+PASSPORT (Ambiguous),15
+SURNAME+SSN-DOB-GENDER,15
+PNAME+ADDRESS-DOB-GENDER-SSN-DRLIC-PASSPORT,15
+NAME+ACCT_NUM,14
+PNAME+DOB+ADDRESS+PHONE+SSN+DRLIC+PASSPORT (Ambiguous),14
+SSN-GENERATION-DOB,14
+PNAME+DOB+ADDRESS+PHONE+SSN+LOGIN_ID+ACCT_NUM (Ambiguous),14
+LIKELY_NAME+ADDRESS+DRLIC+PASSPORT,14
+NAME+DOB+SSN+PASSPORT (Ambiguous),14
+PNAME+DRLIC-DOB-GENDER,14
+NAME+DOB+SSN+PASSPORT+ACCT_NUM (Ambiguous),14
+NAME+ADDRESS+PHONE+ACCT_NUM-DRLIC,14
+PNAME+DRLIC-DOB-GENDER-SSN,14
+ADDRESS-GENERATION-SSN-DRLIC-PASSPORT,14
+PNAME+ADDRESS-DOB-GENDER-PASSPORT,14
+NAME+PHONE-PASSPORT,14
+NAME+DOB+ADDRESS+SSN+PASSPORT (Ambiguous),14
+PNAME+DOB+PHONE+PASSPORT+ACCT_NUM (Ambiguous),14
+PNAME+PHONE+DRLIC+PASSPORT (Ambiguous),14
+SURNAME+DOB+ADDRESS+PHONE+SSN+DRLIC+PASSPORT+LOGIN_ID,14
+DOB+PHONE+SSN+DRLIC+PASSPORT+LOGIN_ID+ACCT_NUM,13
+SURNAME+DRLIC-GENDER-SSN-PASSPORT,13
+SURNAME+DOB+SSN+DRLIC+LOGIN_ID+ACCT_NUM,13
+PNAME+DOB+DRLIC+PASSPORT (Ambiguous),13
+PNAME+PHONE+SSN+DRLIC+LOGIN_ID (Ambiguous),13
+PNAME+ADDRESS+PHONE-DRLIC,13
+LIKELY_NAME+DOB+SSN,13
+NAME+ADDRESS+LOGIN_ID (Ambiguous),13
+NAME+ADDRESS+PHONE+DRLIC+LOGIN_ID (Ambiguous),13
+LIKELY_NAME+LOGIN_ID,13
+SURNAME,13
+DOB+ADDRESS-SSN-DRLIC,13
+PNAME+DOB+ADDRESS+PHONE+SSN+DRLIC+PASSPORT+ACCT_NUM (Ambiguous),13
+LIKELY_NAME+SSN+LOGIN_ID,13
+PNAME+DOB+ADDRESS+SSN,13
+PNAME+DOB+PHONE+SSN,13
+ADDRESS-GENERATION-DOB-GENDER-DRLIC,13
+NAME+PHONE+LOGIN_ID (Ambiguous),13
+NAME+DOB-GENERATION-GENDER-SSN,13
+SURNAME+ADDRESS-DOB-SSN-DRLIC-PASSPORT,13
+NAME+PHONE+DRLIC+PASSPORT+ACCT_NUM (Ambiguous),13
+NAME+DOB+ADDRESS+SSN+PASSPORT+ACCT_NUM (Ambiguous),12
+NAME+DOB-GENERATION-GENDER,12
+NAME+DOB-GENERATION-GENDER-SSN-PASSPORT,12
+PNAME+PHONE+LOGIN_ID+ACCT_NUM (Ambiguous),12
+PNAME+DOB+SSN+DRLIC+ACCT_NUM (Ambiguous),12
+PNAME+DOB+ADDRESS+SSN+PASSPORT+ACCT_NUM (Ambiguous),12
+PNAME+DOB+SSN+PASSPORT+ACCT_NUM (Ambiguous),12
+NAME+DOB+ADDRESS+DRLIC (Ambiguous),12
+NAME+LOGIN_ID-DOB-PASSPORT,12
+NAME+LOGIN_ID-DRLIC,12
+PNAME+DOB+ADDRESS+PHONE+SSN,12
+NAME+ADDRESS+SSN+DRLIC+PASSPORT+ACCT_NUM (Ambiguous),12
+DOB+ADDRESS-DRLIC,12
+LIKELY_NAME+DOB+PHONE+DRLIC+ACCT_NUM,12
+NAME+ADDRESS+PHONE+SSN+PASSPORT+LOGIN_ID (Ambiguous),12
+NAME+SSN-DRLIC,12
+SURNAME+DOB+PASSPORT+LOGIN_ID+ACCT_NUM,12
+NAME+ADDRESS+PHONE+PASSPORT-DRLIC,12
+PNAME-SSN-DRLIC,12
+NAME+ADDRESS-DOB-PASSPORT,12
+PASSPORT-SSN-DRLIC,12
+SURNAME+DOB+PHONE+SSN+DRLIC+PASSPORT+LOGIN_ID,12
+DRLIC-GENERATION-DOB-PASSPORT,12
+SURNAME+DOB+PHONE+SSN+PASSPORT+LOGIN_ID+ACCT_NUM,12
+SURNAME+DRLIC-DOB-GENDER-SSN,12
+PNAME+SSN-DOB-DRLIC-PASSPORT,12
+SURNAME+DRLIC-DOB-SSN-PASSPORT,12
+SURNAME+LOGIN_ID-DOB-DRLIC-PASSPORT,12
+SURNAME+LOGIN_ID-GENDER-DRLIC-PASSPORT,12
+PNAME+PHONE-DOB-PASSPORT,11
+NAME+DOB+ADDRESS-DRLIC,11
+NAME+PHONE-DOB-SSN-PASSPORT,11
+PNAME+DOB+ADDRESS+DRLIC+ACCT_NUM (Ambiguous),11
+PNAME+PHONE-SSN-DRLIC,11
+NAME+DOB+ADDRESS+SSN+LOGIN_ID (Ambiguous),11
+DOB+SSN-DRLIC,11
+NAME+DOB+ADDRESS+PHONE+SSN+DRLIC+PASSPORT+ACCT_NUM (Ambiguous),11
-GENERATION-GENDER-SSN,11
+NAME+DOB+ADDRESS+PHONE+LOGIN_ID+ACCT_NUM (Ambiguous),11
+NAME+PHONE+SSN+LOGIN_ID+ACCT_NUM (Ambiguous),11
+NAME+SSN+LOGIN_ID (Ambiguous),11
+NAME+SSN-DOB,11
-GENERATION-SSN-PASSPORT,11
+NAME+ADDRESS+PHONE+SSN,11
+PNAME+DOB+ADDRESS+LOGIN_ID (Ambiguous),11
+NAME+LOGIN_ID-GENDER-PASSPORT,11
+LIKELY_NAME+SSN+DRLIC+PASSPORT,11
+SURNAME+PHONE-DOB,11
+NAME+DOB+ADDRESS+SSN+DRLIC+ACCT_NUM (Ambiguous),11
+PNAME+DRLIC-GENDER-SSN-PASSPORT,11
+NAME+DOB+ADDRESS+PHONE-DRLIC,11
+PNAME+SSN-GENDER-PASSPORT,11
+PNAME-DOB-PASSPORT,11
+LIKELY_NAME+DOB+PHONE+PASSPORT+ACCT_NUM,11
+PNAME+ADDRESS+PHONE+SSN+DRLIC+LOGIN_ID+ACCT_NUM (Ambiguous),11
+PNAME+SSN+ACCT_NUM,11
+PNAME+PHONE-DOB-GENDER,10
+PNAME+SSN-DOB-DRLIC,10
+PNAME+ADDRESS+PHONE+SSN+DRLIC,10
+PNAME+ADDRESS+PHONE+DRLIC+PASSPORT+ACCT_NUM (Ambiguous),10
+PNAME+DOB+ADDRESS+SSN+DRLIC+PASSPORT+ACCT_NUM (Ambiguous),10
+NAME+DRLIC (Ambiguous),10
+LIKELY_NAME+DOB+ADDRESS+LOGIN_ID,10
-GENERATION-DOB-SSN,10
+PNAME+ADDRESS+PHONE+SSN+DRLIC+LOGIN_ID (Ambiguous),10
+LIKELY_NAME+DOB+PHONE+LOGIN_ID,10
+SURNAME+DOB+SSN+DRLIC+PASSPORT+LOGIN_ID,10
+NAME+ADDRESS+PHONE+SSN+DRLIC+LOGIN_ID (Ambiguous),10
+PNAME+ADDRESS+SSN+PASSPORT+LOGIN_ID (Ambiguous),10
+LIKELY_NAME+SSN+PASSPORT+ACCT_NUM,10
+DOB+DRLIC+PASSPORT+LOGIN_ID+ACCT_NUM,10
+PNAME+DOB+PHONE+DRLIC+PASSPORT (Ambiguous),10
+DOB+ADDRESS-GENDER-PASSPORT,10
+NAME+SSN+DRLIC+PASSPORT (Ambiguous),10
+LIKELY_NAME+PHONE+SSN+LOGIN_ID+ACCT_NUM,10
+ADDRESS-GENERATION-GENDER-DRLIC,10
+NAME+PHONE-GENDER,10
+SURNAME+DOB+PHONE+DRLIC+PASSPORT+LOGIN_ID+ACCT_NUM,10
+PNAME+DOB+LOGIN_ID (Ambiguous),10
+SURNAME+SSN-GENDER-PASSPORT,10
+NAME+SSN-GENDER,10
+PNAME+DOB+LOGIN_ID+ACCT_NUM (Ambiguous),10
+PNAME+ADDRESS+PHONE+SSN+ACCT_NUM-DRLIC,10
+SURNAME+ADDRESS-DOB-GENDER-SSN-DRLIC,10
+NAME+PHONE-DOB-GENDER,10
+NAME+PHONE+SSN+DRLIC+PASSPORT+ACCT_NUM (Ambiguous),10
+PNAME+DRLIC-DOB-GENDER-SSN-PASSPORT,10
+LIKELY_NAME+PHONE+DRLIC+PASSPORT+ACCT_NUM,10
+PNAME+ADDRESS+PHONE+SSN+PASSPORT+LOGIN_ID (Ambiguous),10
+NAME+DOB+SSN,10
+NAME+DOB-GENERATION-PASSPORT,9
+SURNAME+SSN-PASSPORT,9
+SURNAME+DOB+DRLIC+PASSPORT+LOGIN_ID,9
+NAME+PHONE+SSN-DRLIC,9
+PNAME+DOB+ADDRESS+DRLIC+PASSPORT (Ambiguous),9
+PNAME+LOGIN_ID-DOB-GENDER-DRLIC-PASSPORT,9
+NAME+ADDRESS-DOB-DRLIC,9
+DOB+LOGIN_ID-GENDER-SSN-DRLIC-PASSPORT,9
+NAME+DOB+ADDRESS,9
+NAME+DOB+ADDRESS+DRLIC+ACCT_NUM (Ambiguous),9
+SURNAME+PHONE-GENDER-SSN,9
+SSN-GENERATION-DRLIC,9
+PNAME+DOB+ADDRESS+PHONE+SSN+DRLIC+LOGIN_ID (Ambiguous),9
+NAME+DOB+ADDRESS+LOGIN_ID (Ambiguous),9
+SURNAME+PHONE-DOB-SSN,9
+NAME+ADDRESS+PHONE-SSN,9
+NAME+DOB+ADDRESS+PASSPORT+ACCT_NUM (Ambiguous),9
+NAME+DOB+ADDRESS+PASSPORT (Ambiguous),9
+NAME+DOB+SSN+DRLIC+ACCT_NUM (Ambiguous),9
+LIKELY_NAME+PHONE+DRLIC+LOGIN_ID,9
+NAME+DOB+ADDRESS+PHONE+LOGIN_ID (Ambiguous),9
+SURNAME+DRLIC-GENDER-PASSPORT,9
+NAME+DOB+PHONE+PASSPORT+ACCT_NUM (Ambiguous),9
+LIKELY_NAME+ADDRESS+SSN+LOGIN_ID+ACCT_NUM,9
+LIKELY_NAME+ADDRESS+SSN+DRLIC+PASSPORT+ACCT_NUM,9
+NAME+DOB+PHONE-DRLIC,9
+PNAME+PHONE+DRLIC+PASSPORT+ACCT_NUM (Ambiguous),9
+SURNAME+DRLIC+PASSPORT+LOGIN_ID+ACCT_NUM,9
+SURNAME+ADDRESS-SSN-DRLIC-PASSPORT,9
+PNAME+PHONE-GENDER-PASSPORT,9
+LIKELY_NAME+PHONE+SSN+DRLIC+LOGIN_ID,9
+PNAME+PHONE+DRLIC+LOGIN_ID (Ambiguous),9
+NAME+DOB-GENERATION-SSN-DRLIC-PASSPORT,9
+PNAME+ADDRESS-DOB-GENDER-DRLIC,9
+NAME+ADDRESS-DOB-SSN-DRLIC,9
+PNAME+ADDRESS-DOB-GENDER-SSN-DRLIC,9
+PNAME+DOB+PHONE+SSN+LOGIN_ID (Ambiguous),9
+PNAME+DOB+PHONE+SSN+DRLIC+PASSPORT (Ambiguous),9
+SURNAME+ADDRESS-DRLIC-PASSPORT,9
+DOB+LOGIN_ID-DRLIC-PASSPORT,9
+NAME+PHONE+ACCT_NUM-DRLIC,8
+NAME+DOB+ADDRESS+PHONE+PASSPORT+ACCT_NUM (Ambiguous),8
+NAME+ADDRESS+PHONE+LOGIN_ID+ACCT_NUM (Ambiguous),8
+PNAME+DOB+PHONE+SSN+DRLIC+PASSPORT+ACCT_NUM (Ambiguous),8
+NAME+ADDRESS-GENDER-SSN-PASSPORT,8
+DOB+SSN+DRLIC+PASSPORT+LOGIN_ID+ACCT_NUM,8
+DOB+ADDRESS-GENDER-SSN-DRLIC,8
+PNAME+ADDRESS+LOGIN_ID+ACCT_NUM (Ambiguous),8
+LIKELY_NAME+PHONE+DRLIC+LOGIN_ID+ACCT_NUM,8
+SURNAME+DOB+ADDRESS+PHONE+SSN+DRLIC+PASSPORT+LOGIN_ID+ACCT_NUM,8
+LIKELY_NAME+ADDRESS+PASSPORT+LOGIN_ID,8
+LIKELY_NAME+DRLIC+PASSPORT,8
+PNAME+SSN-DRLIC-PASSPORT,8
+NAME+ADDRESS+PHONE+DRLIC,8
+NAME+DOB+PHONE+SSN+DRLIC+PASSPORT (Ambiguous),8
+NAME+LOGIN_ID-DOB-SSN-PASSPORT,8
+DOB+DRLIC-GENDER,8
+NAME+ADDRESS+DRLIC+PASSPORT (Ambiguous),8
+PNAME+DOB+ADDRESS+PHONE+DRLIC+PASSPORT+ACCT_NUM (Ambiguous),8
+PNAME+ADDRESS+DRLIC+LOGIN_ID (Ambiguous),8
+NAME+DOB+SSN+DRLIC+PASSPORT (Ambiguous),8
+LIKELY_NAME+DRLIC+LOGIN_ID,8
+NAME+SSN+LOGIN_ID+ACCT_NUM (Ambiguous),8
+NAME+DOB+ADDRESS+PHONE+SSN-DRLIC,8
+LIKELY_NAME+DOB+ADDRESS+DRLIC+ACCT_NUM,8
+NAME+LOGIN_ID-GENDER-SSN-PASSPORT,8
+NAME+DOB+PHONE,8
+DOB+DRLIC-SSN-PASSPORT,8
+NAME+ADDRESS-GENDER-PASSPORT,8
-GENERATION-DOB-PASSPORT,8
+PNAME+DOB+ADDRESS+PHONE+DRLIC+PASSPORT (Ambiguous),8
+NAME+ADDRESS+SSN,8
+LIKELY_NAME+DOB+DRLIC+ACCT_NUM,8
+DOB+SSN-DRLIC-PASSPORT,7
+LIKELY_NAME+ADDRESS+LOGIN_ID+ACCT_NUM,7
+NAME+DOB+DRLIC+ACCT_NUM (Ambiguous),7
+NAME+LOGIN_ID (Ambiguous),7
+LIKELY_NAME+DOB+PHONE+LOGIN_ID+ACCT_NUM,7
+LIKELY_NAME+LOGIN_ID+ACCT_NUM,7
+LIKELY_NAME+ADDRESS+DRLIC+LOGIN_ID,7
+NAME+LOGIN_ID-GENDER-DRLIC,7
+LIKELY_NAME+SSN+LOGIN_ID+ACCT_NUM,7
+SSN-GENERATION-DOB-GENDER-PASSPORT,7
+SURNAME+SSN-DOB-PASSPORT,7
+NAME+DOB-GENERATION-SSN-DRLIC,7
+PNAME+PHONE-DOB-DRLIC,7
+NAME+DOB+ADDRESS+PHONE+SSN+LOGIN_ID+ACCT_NUM (Ambiguous),7
+PNAME+DOB+ADDRESS+PHONE+LOGIN_ID+ACCT_NUM (Ambiguous),7
+NAME+DRLIC+ACCT_NUM (Ambiguous),7
-GENERATION-PASSPORT,7
+PNAME+SSN+ACCT_NUM-DRLIC,7
+LIKELY_NAME+DOB+DRLIC+PASSPORT,7
+PNAME+ADDRESS+PHONE+SSN+PASSPORT+LOGIN_ID+ACCT_NUM (Ambiguous),7
+NAME+DOB+ADDRESS+SSN+DRLIC+PASSPORT (Ambiguous),7
+SURNAME+ADDRESS-DOB-GENDER-DRLIC,7
+PNAME+ADDRESS+PHONE+DRLIC+LOGIN_ID+ACCT_NUM (Ambiguous),7
+NAME+DOB+ADDRESS+PHONE+DRLIC+PASSPORT (Ambiguous),7
+PHONE+SSN-DRLIC,7
+PNAME+PHONE-GENDER-SSN-PASSPORT,7
+DOB+ADDRESS-GENDER-DRLIC,7
+LIKELY_NAME+DOB+PASSPORT,7
+LIKELY_NAME+DOB+PASSPORT+ACCT_NUM,7
+PNAME+ADDRESS+PASSPORT+LOGIN_ID (Ambiguous),7
+PNAME+ADDRESS+PHONE+DRLIC+LOGIN_ID (Ambiguous),7
+PNAME+ADDRESS+PHONE+PASSPORT+LOGIN_ID (Ambiguous),7
+PASSPORT-GENDER-SSN-DRLIC,7
+SURNAME-GENDER-SSN,7
+NAME+ADDRESS+ACCT_NUM-DRLIC,7
+NAME+ADDRESS-SSN-DRLIC-PASSPORT,7
+PASSPORT-DOB-SSN-DRLIC,7
+PNAME-GENDER,7
+NAME+SSN+DRLIC+PASSPORT+ACCT_NUM (Ambiguous),7
+SURNAME-SSN,7
+LIKELY_NAME+DOB+PHONE+DRLIC+PASSPORT,7
+LIKELY_NAME+PHONE+SSN+DRLIC+PASSPORT+ACCT_NUM,7
+PNAME+PHONE+SSN-DRLIC,7
+DOB+DRLIC-GENDER-SSN-PASSPORT,7
+NAME+ADDRESS-SSN-DRLIC,7
+PNAME+PHONE+SSN+DRLIC+LOGIN_ID+ACCT_NUM (Ambiguous),7
+NAME+ADDRESS+PHONE+LOGIN_ID-DRLIC,7
+NAME+LOGIN_ID-DOB-GENDER-SSN-PASSPORT,7
+SSN-GENERATION-GENDER-PASSPORT,7
+PHONE-GENERATION,6
+NAME+ADDRESS+DRLIC+PASSPORT+ACCT_NUM (Ambiguous),6
+ADDRESS+PHONE+SSN+DRLIC-GENERATION,6
+SSN-GENERATION-DRLIC-PASSPORT,6
+DRLIC-GENERATION-GENDER-PASSPORT,6
+SURNAME+ADDRESS-GENDER-SSN-DRLIC-PASSPORT,6
+SURNAME+DOB+SSN+PASSPORT+LOGIN_ID+ACCT_NUM,6
+SURNAME+DRLIC-DOB-GENDER-SSN-PASSPORT,6
+SURNAME+LOGIN_ID-DOB-GENDER-DRLIC-PASSPORT,6
+ADDRESS-GENERATION-DOB-DRLIC-PASSPORT,6
+SURNAME+PHONE-PASSPORT,6
+SURNAME+PHONE-SSN-DRLIC,6
+NAME+ADDRESS+SSN+LOGIN_ID+ACCT_NUM (Ambiguous),6
-GENERATION-DOB-GENDER-SSN-PASSPORT,6
+NAME+DOB+ADDRESS+PHONE+DRLIC+PASSPORT+ACCT_NUM (Ambiguous),6
+NAME+DOB+ADDRESS+PHONE-SSN,6
+NAME+DOB+SSN+LOGIN_ID (Ambiguous),6
+NAME+DRLIC-SSN,6
+NAME+PHONE+PASSPORT,6
+DOB+SSN-GENDER-DRLIC,6
+NAME+PHONE+SSN,6
+NAME+PHONE+SSN+ACCT_NUM-DRLIC,6
+NAME+SSN+ACCT_NUM-DRLIC,6
+NAME+SSN+DRLIC,6
+NAME+SSN+DRLIC+LOGIN_ID (Ambiguous),6
+PASSPORT-DOB-GENDER-SSN-DRLIC,6
+PASSPORT-GENDER-DRLIC,6
+PHONE-GENERATION-SSN,6
+LIKELY_NAME+PASSPORT+LOGIN_ID,6
+PNAME+ADDRESS+DRLIC+PASSPORT+ACCT_NUM (Ambiguous),6
+PNAME+ADDRESS-GENDER-SSN-DRLIC-PASSPORT,6
+PNAME+ADDRESS+SSN+ACCT_NUM-DRLIC,6
+PNAME+ADDRESS+SSN+DRLIC+LOGIN_ID (Ambiguous),6
+LOGIN_ID-GENERATION-DOB-GENDER-DRLIC-PASSPORT,6
+PNAME+DOB+ADDRESS+SSN+DRLIC+LOGIN_ID (Ambiguous),6
+PNAME-DOB-SSN-DRLIC,6
+PNAME-DOB-SSN-DRLIC-PASSPORT,6
+PNAME+DOB+SSN+DRLIC+PASSPORT+ACCT_NUM (Ambiguous),6
+DOB,6
+NAME+ADDRESS-DOB-GENDER-SSN-PASSPORT,6
+PNAME+PHONE-DOB-GENDER-SSN-PASSPORT,6
+PNAME+PHONE+SSN+DRLIC,6
+DOB+ADDRESS-GENDER-SSN-DRLIC-PASSPORT,5
+NAME+ACCT_NUM-DRLIC,5
+LIKELY_NAME+DOB+ADDRESS+PASSPORT+ACCT_NUM,5
+NAME+ADDRESS-DOB-GENDER,5
-GENERATION-DOB,5
-GENERATION,5
+NAME+ADDRESS+SSN-DRLIC,5
+NAME+ADDRESS+PHONE+SSN+ACCT_NUM-DRLIC,5
+PNAME+SSN+DRLIC+LOGIN_ID (Ambiguous),5
+NAME+PHONE+PASSPORT-DRLIC,5
+SSN-GENERATION-PASSPORT,5
+SURNAME+ADDRESS-DOB-DRLIC-PASSPORT,5
+NAME+ADDRESS+PHONE+SSN+PASSPORT+LOGIN_ID+ACCT_NUM (Ambiguous),5
+PNAME+ADDRESS+PHONE+SSN+PASSPORT-DRLIC,5
+PNAME+DOB+PHONE+PASSPORT+LOGIN_ID (Ambiguous),5
+PNAME+SSN+DRLIC+PASSPORT+ACCT_NUM (Ambiguous),5
+PNAME+DOB+ADDRESS+SSN+LOGIN_ID (Ambiguous),5
+SURNAME-DOB-SSN,5
+PNAME+PHONE+ACCT_NUM-DRLIC,5
+NAME+DOB+DRLIC+PASSPORT+ACCT_NUM (Ambiguous),5
+NAME+ADDRESS+PHONE+PASSPORT+LOGIN_ID (Ambiguous),5
+NAME+PHONE+SSN+DRLIC+LOGIN_ID+ACCT_NUM (Ambiguous),5
+NAME+ADDRESS+PASSPORT-DRLIC,5
+NAME+SSN-DOB-PASSPORT,5
+ADDRESS+PHONE-DRLIC,5
+NAME+ADDRESS+DRLIC,5
+ADDRESS+PHONE+ACCT_NUM-GENERATION,5
+NAME+PHONE-DOB-GENDER-SSN,5
+NAME+DOB+PASSPORT+ACCT_NUM (Ambiguous),5
+PNAME-GENDER-SSN,5
+PNAME+PHONE-DOB-SSN-DRLIC,5
+PNAME+SSN+DRLIC+LOGIN_ID+ACCT_NUM (Ambiguous),5
+SURNAME+DOB+ADDRESS+SSN+DRLIC+PASSPORT+LOGIN_ID+ACCT_NUM,5
+PNAME-GENDER-SSN-PASSPORT,5
+LIKELY_NAME+ADDRESS+SSN+DRLIC+LOGIN_ID,5
+ADDRESS-GENERATION-GENDER-DRLIC-PASSPORT,5
+NAME+PHONE+SSN+DRLIC+LOGIN_ID (Ambiguous),5
+NAME+DOB+ADDRESS+PHONE+SSN,5
+LIKELY_NAME+DOB+ADDRESS+DRLIC+LOGIN_ID,5
+PNAME+PHONE-DRLIC-PASSPORT,5
+NAME+SSN-PASSPORT,5
+SURNAME+DOB+ADDRESS+DRLIC+PASSPORT+LOGIN_ID+ACCT_NUM,5
+NAME+PHONE+SSN+PASSPORT+LOGIN_ID (Ambiguous),5
+ADDRESS-GENERATION-GENDER-SSN-DRLIC-PASSPORT,5
+NAME+DOB+PHONE+DRLIC+PASSPORT (Ambiguous),5
+NAME+DOB+ADDRESS+PHONE+SSN+DRLIC+LOGIN_ID (Ambiguous),5
+PNAME+DOB+ADDRESS+LOGIN_ID+ACCT_NUM (Ambiguous),5
+NAME+DOB+ADDRESS+PHONE+DRLIC,5
+SURNAME+PHONE-SSN-PASSPORT,5
+NAME+DOB+PHONE+LOGIN_ID (Ambiguous),5
+LIKELY_NAME+DOB+LOGIN_ID,5
+PNAME-DOB-GENDER-SSN,5
+SURNAME+PHONE-GENDER-SSN-PASSPORT,5
+PNAME+ADDRESS+PHONE-SSN,5
+NAME+DOB+PHONE+SSN-DRLIC,5
+PNAME+DOB+SSN+DRLIC+PASSPORT (Ambiguous),5
+NAME+PHONE+LOGIN_ID+ACCT_NUM (Ambiguous),5
+PNAME+ADDRESS+SSN+DRLIC,5
+PNAME+SSN+PASSPORT+LOGIN_ID+ACCT_NUM (Ambiguous),5
+PNAME+ADDRESS+PHONE+SSN+PASSPORT,5
+PNAME+SSN+DRLIC+ACCT_NUM,5
+ADDRESS+SSN-DRLIC,5
+SURNAME+PHONE-DOB-GENDER-SSN-PASSPORT,5
+LIKELY_NAME+DOB+SSN+DRLIC,5
+LIKELY_NAME+DOB+PHONE+SSN+PASSPORT,5
+SURNAME+PHONE-DOB-GENDER-SSN,5
+PNAME+ADDRESS+SSN+PASSPORT+LOGIN_ID+ACCT_NUM (Ambiguous),5
+LIKELY_NAME+DOB+PHONE+DRLIC+PASSPORT+ACCT_NUM,5
+NAME+ADDRESS-GENDER-SSN-DRLIC,5
+PNAME+ADDRESS+DRLIC+LOGIN_ID+ACCT_NUM (Ambiguous),5
+PNAME+DRLIC-GENDER-PASSPORT,5
+ADDRESS+PHONE-SSN,5
+NAME+DOB+PHONE+SSN+DRLIC+PASSPORT+ACCT_NUM (Ambiguous),5
+PNAME-DOB-DRLIC,5
+NAME+PHONE+DRLIC+LOGIN_ID (Ambiguous),5
+NAME+DOB+PHONE+SSN+PASSPORT+LOGIN_ID (Ambiguous),5
+LIKELY_NAME+ADDRESS+DRLIC+PASSPORT+ACCT_NUM,5
+LIKELY_NAME+ADDRESS+SSN+DRLIC+PASSPORT+LOGIN_ID,4
+NAME+DOB+ADDRESS+PHONE+ACCT_NUM-DRLIC,4
+NAME+PHONE-DOB-SSN-DRLIC,4
+PNAME+SSN+PASSPORT+LOGIN_ID (Ambiguous),4
+NAME+DOB+ADDRESS+DRLIC+PASSPORT (Ambiguous),4
+PHONE-GENERATION-DOB-GENDER-SSN,4
+PNAME-DRLIC,4
+PNAME+ADDRESS+SSN-DRLIC,4
-GENERATION-DOB-GENDER-SSN,4
-GENERATION-DOB-GENDER,4
+NAME+PHONE+ACCT_NUM,4
+SURNAME+SSN-DRLIC,4
+SURNAME+SSN-DOB-GENDER-PASSPORT,4
+SURNAME+SSN-DOB-DRLIC,4
+NAME+LOGIN_ID-SSN-DRLIC-PASSPORT,4
+NAME+ADDRESS+PHONE+SSN+DRLIC+PASSPORT+LOGIN_ID (Ambiguous),4
+PHONE-GENERATION-DOB,4
+NAME+LOGIN_ID-DRLIC-PASSPORT,4
+NAME+LOGIN_ID-DOB-SSN-DRLIC-PASSPORT,4
+NAME+ADDRESS+ACCT_NUM,4
+NAME+LOGIN_ID-DOB-SSN-DRLIC,4
+NAME+LOGIN_ID-DOB-GENDER-DRLIC,4
+NAME+LOGIN_ID-DOB-DRLIC,4
+NAME+ADDRESS+PHONE+SSN+DRLIC,4
+LIKELY_NAME+SSN+PASSPORT+LOGIN_ID,4
+PNAME+LOGIN_ID-GENERATION-SSN,4
+NAME+DRLIC+PASSPORT (Ambiguous),4
+SURNAME-GENDER-SSN-PASSPORT,4
+NAME+ADDRESS-DOB-GENDER-PASSPORT,4
+SURNAME+DRLIC-DOB-PASSPORT,4
+PNAME+ADDRESS+PHONE+SSN+DRLIC+PASSPORT+LOGIN_ID (Ambiguous),4
+NAME+ADDRESS-DOB-GENDER-SSN-DRLIC,4
+SURNAME-DOB-SSN-PASSPORT,4
+SURNAME+DOB+SSN+DRLIC+PASSPORT+LOGIN_ID+ACCT_NUM,4
+PNAME+ADDRESS+PHONE+SSN-GENERATION,4
+SURNAME+DOB+PHONE+SSN-DRLIC,4
+NAME+DRLIC-GENDER,4
+NAME+ADDRESS+PHONE+PASSPORT+ACCT_NUM-DRLIC,4
+NAME+ADDRESS+PHONE+PASSPORT,4
+ADDRESS-GENERATION-DRLIC-PASSPORT,4
+PNAME+DOB+ADDRESS+PHONE+SSN+PASSPORT+LOGIN_ID+ACCT_NUM (Ambiguous),4
+PNAME+DOB+ADDRESS+PHONE+SSN+PASSPORT+LOGIN_ID (Ambiguous),4
+NAME+DRLIC-DOB-SSN,4
+PNAME+SSN-GENDER-DRLIC,4
+SURNAME-DOB,4
+NAME+ADDRESS-DOB-SSN-DRLIC-PASSPORT,4
+LIKELY_NAME+DOB+ADDRESS+DRLIC+PASSPORT,4
+PNAME+DOB+ADDRESS+SSN+DRLIC+PASSPORT (Ambiguous),4
+PNAME+PHONE+PASSPORT+LOGIN_ID (Ambiguous),4
+NAME+ADDRESS+PHONE+ACCT_NUM-SSN,4
+PNAME+DOB+ADDRESS+SSN+LOGIN_ID+ACCT_NUM (Ambiguous),4
+PNAME+SSN+LOGIN_ID,4
+SURNAME+ADDRESS-DOB-GENDER-SSN-DRLIC-PASSPORT,4
+NAME+ADDRESS+PASSPORT,4
+ADDRESS+PHONE-GENERATION,4
+NAME+DOB+PHONE+SSN+PASSPORT+LOGIN_ID+ACCT_NUM (Ambiguous),4
+SSN-GENERATION-DOB-PASSPORT,4
+SSN-GENERATION-DOB-GENDER-DRLIC,4
+PNAME+PHONE+SSN+PASSPORT+LOGIN_ID+ACCT_NUM (Ambiguous),4
+PNAME+PHONE+SSN+PASSPORT+LOGIN_ID (Ambiguous),4
+NAME+DOB+PHONE+SSN+LOGIN_ID+ACCT_NUM (Ambiguous),4
+SSN-GENERATION-DOB-DRLIC,4
+ADDRESS+PHONE+SSN+ACCT_NUM-DRLIC,4
+ADDRESS+PHONE+SSN-DRLIC,4
+DRLIC-GENERATION-DOB-GENDER-PASSPORT,4
+PNAME+SSN-DOB-GENDER-PASSPORT,4
+PNAME+ADDRESS+PHONE+ACCT_NUM,4
+PNAME+ADDRESS+PASSPORT+LOGIN_ID+ACCT_NUM (Ambiguous),4
+PNAME+ADDRESS+PHONE+DRLIC+ACCT_NUM-GENERATION,4
+PNAME+ADDRESS-GENDER-DRLIC-PASSPORT,4
+DOB+ADDRESS+PHONE+SSN (Ambiguous),4
+PNAME+DOB+LOGIN_ID-SSN,4
+DOB+ADDRESS+PHONE-DRLIC,4
+NAME+DOB+PHONE+DRLIC,4
+PNAME+DOB+PHONE+ACCT_NUM-DRLIC,4
+NAME+DOB+PASSPORT (Ambiguous),4
+LIKELY_NAME+PHONE+PASSPORT+LOGIN_ID,4
+NAME+DOB+LOGIN_ID (Ambiguous),4
+PNAME+DOB+PHONE+DRLIC+PASSPORT+ACCT_NUM (Ambiguous),4
+NAME+DOB-GENERATION-DRLIC-PASSPORT,4
+DOB+ADDRESS+PHONE+SSN-DRLIC,4
+NAME+DOB+DRLIC-SSN,4
+NAME+PHONE-SSN-DRLIC,4
+PNAME+DOB+PHONE+PASSPORT-DRLIC,4
+PNAME+DOB+PHONE+PASSPORT+LOGIN_ID+ACCT_NUM (Ambiguous),4
+DOB+SSN-GENDER-DRLIC-PASSPORT,4
+PHONE-GENERATION-GENDER-SSN,4
+LIKELY_NAME+DRLIC+PASSPORT+ACCT_NUM,4
+NAME+DOB+ADDRESS-SSN,4
+PNAME+DOB+PHONE+SSN+LOGIN_ID+ACCT_NUM (Ambiguous),4
+NAME+PHONE-GENDER-SSN-PASSPORT,4
+NAME+DOB+ADDRESS+PHONE+SSN+DRLIC+LOGIN_ID+ACCT_NUM (Ambiguous),4
+PNAME+ADDRESS+PHONE+PASSPORT+LOGIN_ID+ACCT_NUM (Ambiguous),4
+PHONE-GENERATION-GENDER,4
+PNAME-SSN-DRLIC-PASSPORT,4
+NAME+DOB+ADDRESS+SSN+DRLIC+PASSPORT+ACCT_NUM (Ambiguous),3
+NAME+DOB+ADDRESS+PHONE+DRLIC+LOGIN_ID+ACCT_NUM (Ambiguous),3
+PNAME+LOGIN_ID-GENERATION,3
+SURNAME+PHONE-DOB-DRLIC-PASSPORT,3
+ADDRESS+PHONE+SSN-GENERATION,3
+PNAME+SSN-DOB-GENDER-DRLIC,3
+NAME+ADDRESS+SSN+DRLIC+LOGIN_ID (Ambiguous),3
+PNAME+DOB+DRLIC+LOGIN_ID (Ambiguous),3
+PNAME-DOB-DRLIC-PASSPORT,3
+DOB+PHONE+SSN-DRLIC,3
+SURNAME+PHONE-DOB-PASSPORT,3
+PNAME+DOB+ADDRESS+PHONE+SSN+ACCT_NUM-DRLIC,3
+ADDRESS+SSN+ACCT_NUM-DRLIC,3
+PNAME+DOB+DRLIC+PASSPORT+ACCT_NUM (Ambiguous),3
+PNAME+ADDRESS+PHONE+ACCT_NUM-DRLIC,3
+LIKELY_NAME+PHONE+SSN+PASSPORT+LOGIN_ID,3
+NAME+PHONE+ACCT_NUM-GENERATION,3
+SURNAME+PHONE-DOB-SSN-PASSPORT,3
+PNAME+DOB+PHONE+SSN+DRLIC+LOGIN_ID (Ambiguous),3
+LIKELY_NAME+DOB+PHONE+DRLIC+LOGIN_ID+ACCT_NUM,3
+PNAME+DOB+ADDRESS+PHONE+PASSPORT+LOGIN_ID (Ambiguous),3
+PNAME+ADDRESS-GENERATION-SSN,3
+PNAME-DOB-GENDER,3
+NAME+ADDRESS+SSN+PASSPORT-DRLIC,3
+SURNAME+PHONE+SSN-DRLIC,3
+DOB+ADDRESS+SSN-DRLIC,3
+NAME+DOB+PHONE+PASSPORT-DRLIC,3
+NAME+ADDRESS+PHONE+SSN-GENERATION,3
+NAME+PHONE-SSN-DRLIC-PASSPORT,3
+NAME+ADDRESS+SSN+PASSPORT+LOGIN_ID (Ambiguous),3
+NAME+DOB+PHONE+LOGIN_ID+ACCT_NUM (Ambiguous),3
+LIKELY_NAME+ADDRESS+SSN+DRLIC+PASSPORT+LOGIN_ID+ACCT_NUM,3
+LIKELY_NAME+DOB+ADDRESS+SSN+DRLIC,3
+PNAME+ADDRESS+SSN+DRLIC+LOGIN_ID+ACCT_NUM (Ambiguous),3
+SURNAME-SSN-DRLIC,3
+LIKELY_NAME+ADDRESS+SSN+DRLIC+LOGIN_ID+ACCT_NUM,3
+PASSPORT-DOB-GENDER-DRLIC,3
+LIKELY_NAME+DOB+PHONE+DRLIC+LOGIN_ID,3
+NAME+PASSPORT+ACCT_NUM-DRLIC,3
-GENERATION-SSN-DRLIC,3
+NAME+DOB+PHONE+ACCT_NUM-DRLIC,3
+NAME+DOB+ADDRESS+PHONE-SSN-PASSPORT,3
+PNAME+DOB+PHONE-DRLIC,3
+LIKELY_NAME+DOB+ADDRESS+SSN+PASSPORT,3
+NAME+DOB+ADDRESS+PHONE+SSN-GENERATION,3
+NAME+DOB+ADDRESS+PHONE+SSN+DRLIC+PASSPORT+LOGIN_ID (Ambiguous),3
+LIKELY_NAME+ADDRESS-SSN,3
+NAME+DOB-GENERATION-GENDER-PASSPORT,3
+NAME+DRLIC-DOB,3
+PHONE+ACCT_NUM-GENERATION,3
+ACCT_NUM-DRLIC,3
+LIKELY_NAME+PHONE+SSN+DRLIC+LOGIN_ID+ACCT_NUM,3
-GENERATION-DOB-SSN-DRLIC,3
+LIKELY_NAME+DOB+ADDRESS+DRLIC+LOGIN_ID+ACCT_NUM,3
+NAME+ADDRESS+PHONE+LOGIN_ID,3
+PNAME+ADDRESS+PHONE+LOGIN_ID-DRLIC,3
+NAME+DRLIC-DOB-SSN-PASSPORT,3
+NAME+DOB+SSN+LOGIN_ID+ACCT_NUM (Ambiguous),3
+NAME+ADDRESS+PHONE+DRLIC+ACCT_NUM,3
+ADDRESS+PHONE+ACCT_NUM-DRLIC,3
+PNAME+PHONE-DOB-GENDER-SSN-DRLIC,3
+PNAME+DOB+PHONE+LOGIN_ID+ACCT_NUM (Ambiguous),3
+SURNAME-DOB-GENDER-SSN,3
+DRLIC-DOB-SSN-DRLIC,3
+DOB+DRLIC-PASSPORT,3
+NAME+SSN-DOB-GENDER,3
+NAME+PHONE+SSN+PASSPORT+LOGIN_ID+ACCT_NUM (Ambiguous),3
+DOB+PHONE-SSN,3
+NAME+ADDRESS+PHONE+ACCT_NUM,3
+LIKELY_NAME+ADDRESS+PASSPORT+LOGIN_ID+ACCT_NUM,3
+NAME+ADDRESS+PASSPORT+LOGIN_ID (Ambiguous),3
+LIKELY_NAME+DOB+ADDRESS+LOGIN_ID+ACCT_NUM,3
+NAME+PHONE-GENDER-DRLIC,3
+SURNAME+ADDRESS-GENDER-DRLIC-PASSPORT,3
+NAME+DRLIC+PASSPORT+ACCT_NUM (Ambiguous),3
+DOB+ADDRESS+PHONE+SSN-GENERATION,3
+DOB+ADDRESS+PHONE+SSN+ACCT_NUM-DRLIC,3
+NAME+PHONE+ACCT_NUM-SSN,3
+SURNAME+ADDRESS-DOB-GENDER-DRLIC-PASSPORT,3
+LIKELY_NAME+DOB+PHONE+PASSPORT+LOGIN_ID+ACCT_NUM,3
+SURNAME+SSN-GENDER-DRLIC,3
+PNAME+ADDRESS+PHONE+SSN+ACCT_NUM-GENERATION,3
+PNAME+PHONE+SSN-GENERATION,3
+NAME+ADDRESS+LOGIN_ID-DRLIC,3
+PNAME+DOB+SSN+LOGIN_ID+ACCT_NUM (Ambiguous),3
+ADDRESS-GENERATION-DOB-GENDER-DRLIC-PASSPORT,3
+LIKELY_NAME+DOB+PHONE+SSN+DRLIC,3
+LIKELY_NAME+DOB+PASSPORT+LOGIN_ID,3
+NAME+SSN+PASSPORT,3
+PNAME+PHONE+SSN+PASSPORT+ACCT_NUM-GENERATION,3
+PASSPORT-DOB-DRLIC,3
+NAME+LOGIN_ID+ACCT_NUM (Ambiguous),3
+NAME+ADDRESS+PHONE+SSN+PASSPORT-DRLIC,3
+PNAME+ADDRESS-DOB-GENDER-DRLIC-PASSPORT,3
+LIKELY_NAME+ADDRESS+DRLIC+PASSPORT+LOGIN_ID+ACCT_NUM,3
+NAME+ADDRESS+ACCT_NUM-GENERATION,3
+NAME+DOB+ADDRESS+SSN+LOGIN_ID+ACCT_NUM (Ambiguous),3
+SURNAME+LOGIN_ID-GENERATION-SSN,3
+PNAME+ADDRESS+PHONE-GENERATION,3
+PNAME+ADDRESS-GENERATION-DOB-SSN,2
+PNAME+ADDRESS+DRLIC-GENERATION,2
+PNAME+ADDRESS+PHONE+DRLIC+PASSPORT+LOGIN_ID+ACCT_NUM (Ambiguous),2
+PNAME+ADDRESS+PHONE+DRLIC+PASSPORT+LOGIN_ID (Ambiguous),2
+PNAME+ADDRESS+ACCT_NUM-GENERATION,2
+PNAME+ADDRESS+ACCT_NUM-DRLIC,2
+PNAME+ADDRESS+PHONE+PASSPORT+ACCT_NUM,2
+PNAME+ACCT_NUM-DRLIC,2
+PHONE+SSN+PASSPORT-GENERATION,2
+LIKELY_NAME+PHONE+PASSPORT+LOGIN_ID+ACCT_NUM,2
+PNAME+ADDRESS+PHONE+PASSPORT-DRLIC,2
+PHONE+SSN+LOGIN_ID+ACCT_NUM-DRLIC,2
+PNAME+ADDRESS+PHONE+PASSPORT+LOGIN_ID-DRLIC,2
+LIKELY_NAME+PHONE+DRLIC+PASSPORT+LOGIN_ID,2
+PHONE+SSN-GENERATION,2
+DOB+ADDRESS+PASSPORT-DRLIC,2
+PHONE+SSN+DRLIC+LOGIN_ID-GENERATION,2
+PHONE+PASSPORT-GENERATION,2
+LIKELY_NAME+SSN+DRLIC+LOGIN_ID,2
+LIKELY_NAME+LOGIN_ID-PASSPORT,2
+PHONE-GENERATION-DOB-GENDER-PASSPORT,2
+PHONE-GENERATION-DOB-GENDER,2
+PNAME+ADDRESS+PHONE+SSN+DRLIC+PASSPORT+LOGIN_ID+ACCT_NUM (Ambiguous),2
+LIKELY_NAME+LOGIN_ID-DOB,2
+DOB+ADDRESS+PHONE+SSN+ACCT_NUM (Ambiguous),2
+PNAME+ADDRESS+PHONE+SSN+LOGIN_ID-DRLIC,2
+DOB+ADDRESS+PHONE+SSN+ACCT_NUM-GENERATION,2
+PNAME+ADDRESS+PHONE+SSN+PASSPORT+ACCT_NUM-DRLIC,2
+PNAME+ADDRESS+PHONE+SSN+PASSPORT+ACCT_NUM-GENERATION,2
+PNAME+ADDRESS+PHONE+SSN+PASSPORT-GENERATION,2
+PHONE+ACCT_NUM-DRLIC,2
+DOB+ADDRESS+PHONE+SSN+DRLIC-GENERATION,2
+LIKELY_NAME+DRLIC+LOGIN_ID+ACCT_NUM,2
+NAME+SSN+PASSPORT+LOGIN_ID (Ambiguous),2
+PNAME+ADDRESS+SSN+DRLIC+ACCT_NUM-GENERATION,2
+PNAME+SSN+DRLIC+LOGIN_ID,2
+NAME-SSN-PASSPORT,2
+NAME+SSN+DRLIC+PASSPORT+LOGIN_ID (Ambiguous),2
+PNAME+ADDRESS+SSN-GENERATION,2
+NAME+SSN+DRLIC+LOGIN_ID+ACCT_NUM (Ambiguous),2
+NAME+SSN-DOB-DRLIC-PASSPORT,2
+NAME+SSN-DOB-DRLIC,2
+PNAME+ADDRESS+SSN+PASSPORT,2
+NAME+PHONE+SSN+PASSPORT-DRLIC,2
+NAME+PHONE+SSN+PASSPORT+ACCT_NUM-DRLIC,2
+NAME+PHONE+SSN+LOGIN_ID-DRLIC,2
+NAME+PHONE+SSN-GENERATION,2
+NAME+PHONE+SSN+DRLIC+PASSPORT+LOGIN_ID (Ambiguous),2
+PNAME+DOB+ACCT_NUM-DRLIC,2
+PNAME+DOB+ACCT_NUM-GENERATION,2
+NAME+PHONE+SSN+DRLIC,2
+NAME+PHONE+PASSPORT+LOGIN_ID (Ambiguous),2
+NAME+PHONE+PASSPORT-GENERATION,2
+PNAME+DOB+ADDRESS+DRLIC+LOGIN_ID (Ambiguous),2
+NAME+PHONE-GENDER-PASSPORT,2
+NAME+PHONE-DRLIC-PASSPORT,2
+PNAME+DOB+ADDRESS+PASSPORT+LOGIN_ID (Ambiguous),2
+NAME+PHONE+DRLIC,2
+NAME+PHONE-DOB-PASSPORT,2
+PNAME+DOB+ADDRESS+PHONE+ACCT_NUM-DRLIC,2
+DOB+ADDRESS+SSN+PASSPORT+ACCT_NUM-GENERATION,2
+NAME+PHONE-DOB-GENDER-SSN-PASSPORT,2
+PNAME+DOB+ADDRESS+PHONE+DRLIC-GENERATION,2
+PNAME+DOB+ADDRESS+PHONE+DRLIC+LOGIN_ID+ACCT_NUM (Ambiguous),2
+PNAME+DOB+ADDRESS+PHONE+DRLIC+LOGIN_ID (Ambiguous),2
+LIKELY_NAME+DOB+DRLIC+LOGIN_ID+ACCT_NUM,2
+PNAME+DOB+ADDRESS+PHONE-GENERATION,2
+NAME+PASSPORT+ACCT_NUM (Ambiguous),2
+NAME+PASSPORT+ACCT_NUM,2
+DOB+ADDRESS+SSN-GENERATION,2
+NAME+LOGIN_ID-GENDER-SSN-DRLIC,2
+NAME+LOGIN_ID-DOB-GENDER-PASSPORT,2
+NAME+LOGIN_ID,2
+PNAME+DOB+ADDRESS+PHONE+SSN+DRLIC+LOGIN_ID+ACCT_NUM (Ambiguous),2
+NAME+DRLIC-SSN-PASSPORT,2
+DOB+ADDRESS-SSN-DRLIC-PASSPORT,2
+PNAME+DOB+ADDRESS+PHONE+SSN+DRLIC+PASSPORT+LOGIN_ID (Ambiguous),2
+NAME+DRLIC-PASSPORT,2
+NAME+DRLIC-GENERATION,2
+NAME+DRLIC-GENDER-SSN,2
+NAME+DRLIC-DOB-PASSPORT,2
+LIKELY_NAME+DOB+ADDRESS+DRLIC+PASSPORT+ACCT_NUM,2
+DOB+LOGIN_ID-GENDER-DRLIC-PASSPORT,2
+PNAME+DOB+ADDRESS+SSN+DRLIC+LOGIN_ID+ACCT_NUM (Ambiguous),2
+NAME+DOB+SSN+DRLIC+PASSPORT+ACCT_NUM (Ambiguous),2
+NAME+DOB+SSN+DRLIC+LOGIN_ID (Ambiguous),2
+NAME+DOB+SSN-DRLIC,2
+NAME+DOB+PHONE+SSN+DRLIC+LOGIN_ID (Ambiguous),2
+NAME+DOB+PHONE+SSN+DRLIC+LOGIN_ID+ACCT_NUM (Ambiguous),2
+NAME+DOB+PHONE+SSN+DRLIC,2
+NAME+DOB+PHONE-SSN,2
+PNAME+DOB+LOGIN_ID-PASSPORT,2
+NAME+DOB+PHONE+DRLIC+PASSPORT+ACCT_NUM (Ambiguous),2
+PNAME+DOB+PASSPORT+LOGIN_ID (Ambiguous),2
+NAME+DOB+LOGIN_ID-DRLIC,2
+NAME+DOB-GENERATION-GENDER-DRLIC,2
+NAME+DOB-GENERATION-DRLIC,2
+DOB+ADDRESS+PHONE+SSN+LOGIN_ID-GENERATION,2
+NAME+DOB+DRLIC+PASSPORT (Ambiguous),2
+PNAME+DOB+PHONE-SSN,2
+NAME+DOB+DRLIC+LOGIN_ID (Ambiguous),2
+NAME+DOB+ADDRESS+SSN+PASSPORT+LOGIN_ID (Ambiguous),2
+LIKELY_NAME+ADDRESS+DRLIC+PASSPORT+LOGIN_ID,2
+NAME+DOB+ADDRESS+SSN+DRLIC+LOGIN_ID (Ambiguous),2
+PNAME+DOB+PHONE+SSN+DRLIC+LOGIN_ID+ACCT_NUM (Ambiguous),2
+NAME+DOB+ADDRESS+SSN-DRLIC,2
+NAME+DOB+ADDRESS+SSN,2
+PNAME+DOB+PHONE+SSN-GENERATION,2
+LIKELY_NAME+ADDRESS+DRLIC+LOGIN_ID+ACCT_NUM,2
+NAME+DOB+ADDRESS+PHONE+SSN+PASSPORT-GENERATION,2
+PNAME+DOB+PHONE+SSN+PASSPORT+LOGIN_ID+ACCT_NUM (Ambiguous),2
+NAME+DOB+ADDRESS+PHONE+SSN+DRLIC,2
+NAME+DOB+ADDRESS+PHONE-GENERATION,2
+NAME+DOB+ADDRESS+PHONE+DRLIC+LOGIN_ID (Ambiguous),2
+PNAME+DOB+SSN+DRLIC,2
+NAME+DOB+ADDRESS+PHONE+DRLIC-GENERATION,2
-GENERATION-GENDER-SSN-PASSPORT,2
+NAME+DOB+ADDRESS+PASSPORT-GENERATION,2
+NAME+DOB+ADDRESS+PASSPORT+ACCT_NUM-DRLIC,2
-GENERATION-GENDER-PASSPORT,2
+PNAME+DOB+SSN+PASSPORT+LOGIN_ID (Ambiguous),2
+DOB-SSN,2
+NAME+DOB+ADDRESS+ACCT_NUM-DRLIC,2
+PNAME+DRLIC+ACCT_NUM-GENERATION,2
+PNAME+DRLIC-DOB-GENDER-PASSPORT,2
+NAME+ADDRESS+SSN+PASSPORT+LOGIN_ID+ACCT_NUM (Ambiguous),2
+NAME+ADDRESS+SSN+PASSPORT+ACCT_NUM-DRLIC,2
-GENERATION-DOB-GENDER-DRLIC,2
+NAME+ADDRESS+SSN+DRLIC+PASSPORT+LOGIN_ID+ACCT_NUM (Ambiguous),2
+NAME+ADDRESS+SSN+ACCT_NUM-DRLIC,2
+NAME+ACCT_NUM-SSN,2
+SURNAME-SSN-PASSPORT,2
+PNAME-GENDER-PASSPORT,2
+NAME+ADDRESS+DRLIC+PASSPORT+LOGIN_ID (Ambiguous),2
+NAME+ADDRESS+PHONE+SSN+PASSPORT,2
+SURNAME+SSN-DOB-GENDER-DRLIC,2
+ACCT_NUM-SSN,2
+ADDRESS+ACCT_NUM-DRLIC,2
+SURNAME+PHONE-GENDER-SSN-DRLIC,2
+SURNAME+PHONE-GENDER-PASSPORT,2
+ADDRESS+SSN+PASSPORT+ACCT_NUM-DRLIC,2
+NAME+ADDRESS+PHONE+SSN+DRLIC+LOGIN_ID+ACCT_NUM (Ambiguous),2
+SURNAME+PHONE-DRLIC,2
+SURNAME+PHONE-DOB-SSN-DRLIC-PASSPORT,2
+NAME+ADDRESS+PHONE+SSN+DRLIC-GENERATION,2
+SURNAME+PHONE-DOB-GENDER-SSN-DRLIC,2
+SURNAME+PHONE-DOB-GENDER,2
+SURNAME+LOGIN_ID-GENERATION-SSN-PASSPORT,2
+PNAME+LOGIN_ID-GENERATION-DOB-SSN,2
+PNAME+LOGIN_ID-GENERATION-GENDER,2
+NAME+ADDRESS+PHONE-SSN-DRLIC,2
+NAME+ADDRESS+PHONE+SSN+ACCT_NUM-GENERATION,2
+NAME+ADDRESS-DOB-DRLIC-PASSPORT,2
+DOB+PHONE+SSN+ACCT_NUM-DRLIC,2
+SURNAME+DRLIC-DOB-GENDER-PASSPORT,2
+PNAME+PASSPORT-DRLIC,2
+SURNAME-DOB-SSN-DRLIC,2
+PNAME+PHONE+ACCT_NUM-GENERATION,2
+NAME+ADDRESS+PHONE+PASSPORT+LOGIN_ID+ACCT_NUM-DRLIC,2
+NAME+ADDRESS+PHONE+PASSPORT-GENERATION,2
+PNAME+PHONE-DOB-GENDER-PASSPORT,2
+PNAME+SSN+PASSPORT+ACCT_NUM,2
+SURNAME+DOB+DRLIC+PASSPORT+LOGIN_ID+ACCT_NUM,2
+NAME+ADDRESS+PHONE+LOGIN_ID+ACCT_NUM-DRLIC,2
+SURNAME+DOB+ADDRESS+PHONE-DRLIC,2
+PNAME+PHONE+DRLIC+LOGIN_ID+ACCT_NUM (Ambiguous),2
+SURNAME+DOB+ADDRESS+PHONE+ACCT_NUM-DRLIC,2
+NAME+ADDRESS+PHONE-GENERATION,2
+PNAME+PHONE+DRLIC+PASSPORT+LOGIN_ID (Ambiguous),2
+NAME+ADDRESS+PHONE+DRLIC+PASSPORT+LOGIN_ID (Ambiguous),2
+DRLIC+LOGIN_ID-SSN,2
+NAME+ADDRESS+PHONE+DRLIC+PASSPORT,2
+SURNAME+ADDRESS+PHONE+SSN-PASSPORT,2
+NAME+ADDRESS+PHONE+DRLIC+LOGIN_ID+ACCT_NUM (Ambiguous),2
+NAME+ADDRESS+PHONE+DRLIC-GENERATION,2
+SURNAME+ADDRESS+PHONE+SSN+ACCT_NUM-DRLIC,2
+ADDRESS+PHONE+ACCT_NUM-SSN,2
+NAME+ADDRESS+PHONE+ACCT_NUM-DOB,2
+ADDRESS+SSN+DRLIC-GENERATION,2
+NAME+ADDRESS+PASSPORT+ACCT_NUM-DRLIC,2
+PNAME+PHONE+SSN+DRLIC-GENERATION,2
+ADDRESS+PHONE+DRLIC-GENERATION,2
+PNAME+PHONE+SSN+DRLIC+PASSPORT+LOGIN_ID (Ambiguous),2
+SSN-GENERATION-GENDER-DRLIC-PASSPORT,2
+PNAME+PHONE+SSN+PASSPORT,2
+PNAME+PHONE+SSN+PASSPORT-DRLIC,2
+SSN-GENERATION-DOB-DRLIC-PASSPORT,2
+NAME+ADDRESS+DRLIC+LOGIN_ID+ACCT_NUM (Ambiguous),2
+SSN+DRLIC-GENERATION,2
+ADDRESS+PHONE+SSN+LOGIN_ID+ACCT_NUM-DRLIC,2
+ADDRESS+PHONE+SSN+PASSPORT+ACCT_NUM-GENERATION,2
+NAME+ADDRESS-GENDER-DRLIC,2
+PNAME+ADDRESS+PHONE-DOB,2
+DOB+ADDRESS-GENDER-DRLIC-PASSPORT,2
+PNAME+ADDRESS-GENERATION-SSN-PASSPORT,2
+PNAME+ADDRESS-GENERATION-DOB-SSN-PASSPORT,2
+ACCT_NUM-DOB,1
+DOB+PHONE+PASSPORT-DRLIC,1
+DOB+PHONE+PASSPORT-SSN,1
+DOB+PHONE-GENDER-SSN-PASSPORT,1
+DOB+PHONE-GENDER-PASSPORT,1
+DOB+PHONE+SSN+ACCT_NUM (Ambiguous),1
+DOB+PHONE+SSN+ACCT_NUM-GENERATION,1
+DOB+PHONE+SSN (Ambiguous),1
+DOB+PHONE-GENDER,1
+DOB+PHONE+SSN+DRLIC (Ambiguous),1
+DOB+PHONE+SSN+LOGIN_ID+ACCT_NUM-DRLIC,1
+DOB+PHONE+SSN+LOGIN_ID-PASSPORT,1
+DOB+PHONE+SSN+PASSPORT+ACCT_NUM-GENERATION,1
+DOB+PHONE+SSN+PASSPORT-GENERATION,1
+DOB+PHONE+DRLIC+LOGIN_ID-DRLIC,1
+DOB+SSN+ACCT_NUM-DRLIC,1
+DOB-SSN-DRLIC,1
+DOB+PHONE+ACCT_NUM-SSN,1
+DOB-SSN-PASSPORT,1
+DOB+PASSPORT-DRLIC,1
+DRLIC-DOB-GENDER-DRLIC,1
+DRLIC-DOB-GENDER-DRLIC-PASSPORT,1
+DRLIC-DOB-GENDER-SSN-DRLIC-PASSPORT,1
+DOB+LOGIN_ID-GENERATION-GENDER-SSN-DRLIC,1
+DRLIC-DOB-SSN-DRLIC-PASSPORT,1
+DRLIC-GENDER-DRLIC,1
+DRLIC-GENDER-DRLIC-PASSPORT,1
+DRLIC-GENDER-SSN-DRLIC-PASSPORT,1
+DRLIC+LOGIN_ID-DOB,1
+DRLIC+LOGIN_ID-SSN-PASSPORT,1
+DOB-GENDER-SSN-DRLIC,1
+DOB-GENDER-SSN,1
+DOB-GENDER-DRLIC,1
-GENERATION-DOB-SSN-DRLIC-PASSPORT,1
-GENERATION-DOB-SSN-PASSPORT,1
-GENERATION-DRLIC,1
-GENERATION-GENDER,1
-GENERATION-GENDER-SSN-DRLIC,1
+LIKELY_NAME+ADDRESS+ACCT_NUM-DRLIC,1
+LIKELY_NAME+ADDRESS-DOB-SSN,1
+LIKELY_NAME+ADDRESS-GENDER-SSN,1
+LIKELY_NAME+ADDRESS+PHONE+ACCT_NUM (Ambiguous),1
+LIKELY_NAME+ADDRESS+PHONE+SSN,1
+LIKELY_NAME+ADDRESS-SSN-DRLIC,1
+LIKELY_NAME+DOB+ADDRESS+DRLIC+PASSPORT+LOGIN_ID,1
+LIKELY_NAME+DOB+ADDRESS+PASSPORT+LOGIN_ID,1
+LIKELY_NAME+DOB+ADDRESS+PASSPORT+LOGIN_ID+ACCT_NUM,1
+LIKELY_NAME+DOB+ADDRESS+PHONE (Ambiguous),1
+LIKELY_NAME+DOB+ADDRESS+SSN+DRLIC+PASSPORT,1
+LIKELY_NAME+DOB+DRLIC+PASSPORT+ACCT_NUM,1
+LIKELY_NAME+DOB+DRLIC+PASSPORT+LOGIN_ID+ACCT_NUM,1
+LIKELY_NAME+DOB+LOGIN_ID+ACCT_NUM,1
+LIKELY_NAME+DOB+PHONE+DRLIC+PASSPORT+LOGIN_ID,1
+LIKELY_NAME+DOB+PHONE+DRLIC+PASSPORT+LOGIN_ID+ACCT_NUM,1
+LIKELY_NAME+DOB+PHONE+PASSPORT+LOGIN_ID,1
+LIKELY_NAME+DOB+SSN+PASSPORT,1
+LIKELY_NAME+LOGIN_ID-DOB-DRLIC,1
+LIKELY_NAME+LOGIN_ID-DOB-GENDER,1
+LIKELY_NAME+LOGIN_ID-DOB-GENDER-SSN,1
+LIKELY_NAME+LOGIN_ID-DOB-GENDER-SSN-PASSPORT,1
+LIKELY_NAME+LOGIN_ID-DOB-SSN-DRLIC,1
+LIKELY_NAME+LOGIN_ID-DRLIC,1
+LIKELY_NAME+LOGIN_ID-GENDER,1
+LIKELY_NAME+LOGIN_ID-GENDER-PASSPORT,1
+LIKELY_NAME+LOGIN_ID-GENDER-SSN,1
+LIKELY_NAME+LOGIN_ID-SSN,1
+LIKELY_NAME+PASSPORT+LOGIN_ID+ACCT_NUM,1
+LIKELY_NAME+PHONE+DRLIC+PASSPORT+LOGIN_ID+ACCT_NUM,1
+LIKELY_NAME+PHONE+SSN+DRLIC+PASSPORT+LOGIN_ID,1
+LIKELY_NAME+PHONE+SSN+DRLIC+PASSPORT+LOGIN_ID+ACCT_NUM,1
+LIKELY_NAME+PHONE+SSN+PASSPORT+LOGIN_ID+ACCT_NUM,1
+LIKELY_NAME+SSN+DRLIC+PASSPORT+ACCT_NUM,1
+LIKELY_NAME+SSN+PASSPORT+LOGIN_ID+ACCT_NUM,1
+LOGIN_ID+ACCT_NUM-DRLIC,1
+DOB+DRLIC+ACCT_NUM-DRLIC,1
+DOB+ADDRESS+SSN+LOGIN_ID+ACCT_NUM-DRLIC,1
+DOB+ADDRESS+SSN+DRLIC+LOGIN_ID (Ambiguous),1
+DOB+ADDRESS+SSN (Ambiguous),1
+DOB+ADDRESS+SSN+ACCT_NUM-GENERATION,1
+NAME+ACCT_NUM-GENERATION,1
+NAME+ACCT_NUM-SSN-PASSPORT,1
+NAME+ADDRESS-DOB-GENDER-DRLIC-PASSPORT,1
+NAME+ADDRESS+DRLIC+ACCT_NUM,1
+NAME+ADDRESS+DRLIC+ACCT_NUM-DRLIC,1
+NAME+ADDRESS+DRLIC+LOGIN_ID (Ambiguous),1
+NAME+ADDRESS-DRLIC-PASSPORT,1
+NAME+ADDRESS+DRLIC+PASSPORT-DOB,1
+NAME+ADDRESS+DRLIC-SSN,1
+NAME+ADDRESS-GENDER-DRLIC-PASSPORT,1
+NAME+ADDRESS-GENDER-SSN-DRLIC-PASSPORT,1
+NAME+ADDRESS-GENERATION,1
+NAME+ADDRESS-GENERATION-DOB-SSN,1
+NAME+ADDRESS-GENERATION-SSN,1
+NAME+ADDRESS+LOGIN_ID+ACCT_NUM,1
+NAME+ADDRESS+LOGIN_ID+ACCT_NUM (Ambiguous),1
+NAME+ADDRESS+LOGIN_ID+ACCT_NUM-DRLIC,1
+NAME+ADDRESS+LOGIN_ID-SSN,1
+NAME+ADDRESS+PASSPORT+ACCT_NUM,1
+NAME+ADDRESS+PASSPORT+LOGIN_ID-GENERATION,1
+NAME+ADDRESS+PASSPORT-SSN,1
+NAME+ADDRESS+PHONE+ACCT_NUM-DOB-PASSPORT,1
+NAME+ADDRESS+PHONE+ACCT_NUM-PASSPORT,1
+NAME+ADDRESS+PHONE+ACCT_NUM-SSN-DRLIC,1
+NAME+ADDRESS+PHONE-DOB,1
+NAME+ADDRESS+PHONE+DRLIC-DOB,1
+NAME+ADDRESS+PHONE+DRLIC-PASSPORT,1
+NAME+ADDRESS+PHONE+DRLIC+PASSPORT+ACCT_NUM,1
+NAME+ADDRESS+PHONE+DRLIC+PASSPORT-GENERATION,1
+NAME+ADDRESS+PHONE+DRLIC-SSN,1
+NAME+ADDRESS+PHONE-PASSPORT,1
+NAME+ADDRESS+PHONE+PASSPORT+ACCT_NUM,1
+NAME+ADDRESS+PHONE+PASSPORT-DOB,1
+NAME+ADDRESS+PHONE+PASSPORT+LOGIN_ID+ACCT_NUM (Ambiguous),1
+NAME+ADDRESS+PHONE+PASSPORT+LOGIN_ID+ACCT_NUM-GENERATION,1
+NAME+ADDRESS+PHONE+PASSPORT+LOGIN_ID-DRLIC,1
+NAME+ADDRESS+PHONE+PASSPORT-SSN,1
+NAME+ADDRESS+PHONE+SSN+ACCT_NUM-DOB-PASSPORT,1
+NAME+ADDRESS+PHONE+SSN+DRLIC-DOB,1
+NAME+ADDRESS+PHONE+SSN+DRLIC+PASSPORT+LOGIN_ID+ACCT_NUM (Ambiguous),1
+NAME+ADDRESS+PHONE+SSN+LOGIN_ID-DRLIC,1
+NAME+ADDRESS+PHONE+SSN+LOGIN_ID-GENERATION,1
+NAME+ADDRESS+PHONE+SSN+PASSPORT-GENERATION,1
+NAME+ADDRESS+SSN-DOB-PASSPORT,1
+NAME+ADDRESS+SSN+DRLIC,1
+NAME+ADDRESS+SSN+DRLIC-GENERATION,1
+NAME+ADDRESS+SSN+DRLIC+LOGIN_ID+ACCT_NUM (Ambiguous),1
+NAME+ADDRESS+SSN+DRLIC+PASSPORT,1
+NAME+ADDRESS+SSN+DRLIC+PASSPORT+LOGIN_ID (Ambiguous),1
+NAME+ADDRESS+SSN+LOGIN_ID-DRLIC,1
+NAME+ADDRESS+SSN+PASSPORT,1
+DOB+ADDRESS+PHONE+SSN+PASSPORT+LOGIN_ID (Ambiguous),1
+NAME+DOB+ACCT_NUM-DRLIC,1
+NAME+DOB+ACCT_NUM-SSN,1
+NAME+DOB+ACCT_NUM-SSN-PASSPORT,1
+NAME+DOB+ADDRESS+DRLIC,1
+NAME+DOB+ADDRESS+DRLIC+LOGIN_ID (Ambiguous),1
+NAME+DOB+ADDRESS+DRLIC+PASSPORT+LOGIN_ID+ACCT_NUM (Ambiguous),1
+NAME+DOB+ADDRESS-GENERATION,1
+NAME+DOB+ADDRESS+LOGIN_ID+ACCT_NUM (Ambiguous),1
+NAME+DOB+ADDRESS-PASSPORT,1
+NAME+DOB+ADDRESS+PASSPORT+LOGIN_ID (Ambiguous),1
+NAME+DOB+ADDRESS+PHONE+ACCT_NUM-GENDER-SSN,1
+NAME+DOB+ADDRESS+PHONE+DRLIC+ACCT_NUM-GENERATION,1
+NAME+DOB+ADDRESS+PHONE+DRLIC-DRLIC,1
+NAME+DOB+ADDRESS+PHONE+DRLIC+PASSPORT+LOGIN_ID (Ambiguous),1
+NAME+DOB+ADDRESS+PHONE+DRLIC-SSN-DRLIC,1
+NAME+DOB+ADDRESS+PHONE-PASSPORT,1
+NAME+DOB+ADDRESS+PHONE+PASSPORT+ACCT_NUM-DRLIC,1
+NAME+DOB+ADDRESS+PHONE+PASSPORT-DRLIC,1
+NAME+DOB+ADDRESS+PHONE+PASSPORT+LOGIN_ID+ACCT_NUM (Ambiguous),1
+NAME+DOB+ADDRESS+PHONE+PASSPORT-SSN,1
+NAME+DOB+ADDRESS+PHONE+SSN+ACCT_NUM-GENERATION,1
+NAME+DOB+ADDRESS+PHONE+SSN+DRLIC+PASSPORT+LOGIN_ID+ACCT_NUM (Ambiguous),1
+NAME+DOB+ADDRESS+PHONE+SSN+PASSPORT+LOGIN_ID (Ambiguous),1
+NAME+DOB+ADDRESS+SSN+DRLIC-GENERATION,1
+NAME+DOB+ADDRESS+SSN+DRLIC+LOGIN_ID+ACCT_NUM (Ambiguous),1
+NAME+DOB+ADDRESS+SSN+DRLIC+PASSPORT+LOGIN_ID (Ambiguous),1
+NAME+DOB+ADDRESS-SSN-PASSPORT,1
+NAME+DOB+ADDRESS+SSN-PASSPORT,1
+NAME+DOB+ADDRESS+SSN+PASSPORT+LOGIN_ID+ACCT_NUM (Ambiguous),1
+NAME+DOB+DRLIC+ACCT_NUM-SSN-PASSPORT,1
+NAME+DOB+DRLIC+LOGIN_ID+ACCT_NUM (Ambiguous),1
+NAME+DOB+DRLIC+LOGIN_ID-SSN,1
+NAME+DOB+DRLIC+PASSPORT+LOGIN_ID (Ambiguous),1
+DOB+ADDRESS+PHONE+SSN+PASSPORT-DRLIC,1
+DOB+ADDRESS+PHONE+SSN+PASSPORT (Ambiguous),1
+DOB+ADDRESS+PHONE+SSN+PASSPORT+ACCT_NUM-DRLIC,1
+DOB+ADDRESS+PHONE+SSN+PASSPORT+ACCT_NUM (Ambiguous),1
+NAME+DOB-GENERATION-GENDER-SSN-DRLIC,1
+NAME+DOB+LOGIN_ID+ACCT_NUM (Ambiguous),1
+NAME+DOB+LOGIN_ID-SSN,1
+NAME-DOB-PASSPORT,1
+DOB+ADDRESS+PHONE+SSN+LOGIN_ID (Ambiguous),1
+NAME+DOB+PASSPORT+ACCT_NUM-SSN,1
+NAME+DOB+PASSPORT+LOGIN_ID (Ambiguous),1
+NAME+DOB+PHONE+ACCT_NUM-GENERATION,1
+NAME+DOB+PHONE+DRLIC+LOGIN_ID+ACCT_NUM (Ambiguous),1
+NAME+DOB+PHONE+DRLIC+LOGIN_ID (Ambiguous),1
+NAME+DOB+PHONE+DRLIC+PASSPORT-GENERATION,1
+NAME+DOB+PHONE-GENDER,1
+NAME+DOB+PHONE-GENDER-SSN-PASSPORT,1
+NAME+DOB+PHONE-GENERATION,1
+NAME+DOB+PHONE-PASSPORT,1
+NAME+DOB+PHONE+PASSPORT+LOGIN_ID (Ambiguous),1
+NAME+DOB+PHONE+SSN+PASSPORT-GENERATION,1
+DOB+ADDRESS+PHONE+SSN+LOGIN_ID+ACCT_NUM (Ambiguous),1
+NAME-DOB-SSN-DRLIC-PASSPORT,1
+NAME+DOB+SSN-GENDER-DRLIC,1
+NAME-DOB-SSN-PASSPORT,1
+NAME+DOB+SSN+PASSPORT,1
+NAME+DOB+SSN+PASSPORT+LOGIN_ID (Ambiguous),1
+NAME+DOB+SSN+PASSPORT+LOGIN_ID-GENERATION,1
+NAME+DRLIC+ACCT_NUM,1
+NAME+DRLIC-DOB-GENDER,1
+NAME+DRLIC-DOB-GENDER-SSN,1
+NAME+DRLIC-DOB-GENDER-SSN-PASSPORT,1
+NAME+DRLIC+LOGIN_ID+ACCT_NUM (Ambiguous),1
+NAME+DRLIC+LOGIN_ID (Ambiguous),1
+NAME+DRLIC+PASSPORT+LOGIN_ID+ACCT_NUM (Ambiguous),1
+NAME+LOGIN_ID+ACCT_NUM-DRLIC,1
+NAME+LOGIN_ID-DOB-GENDER-SSN-DRLIC,1
+NAME+LOGIN_ID-DOB-GENDER-SSN-DRLIC-PASSPORT,1
+NAME+LOGIN_ID-GENERATION,1
+NAME+LOGIN_ID-GENERATION-DOB-SSN,1
+NAME+LOGIN_ID-GENERATION-SSN-DRLIC,1
+NAME+PASSPORT+ACCT_NUM-GENERATION,1
+NAME+PASSPORT-DRLIC,1
+NAME+PASSPORT+LOGIN_ID+ACCT_NUM (Ambiguous),1
+NAME+PASSPORT+LOGIN_ID (Ambiguous),1
+NAME+PASSPORT+LOGIN_ID-DRLIC,1
+NAME+PASSPORT-SSN,1
+NAME+PHONE+ACCT_NUM-GENDER,1
+NAME+PHONE+ACCT_NUM-PASSPORT,1
+NAME+PHONE-DOB-GENDER-DRLIC-PASSPORT,1
+NAME+PHONE-DOB-GENDER-PASSPORT,1
+NAME+PHONE-DOB-GENDER-SSN-DRLIC,1
+NAME+PHONE-DOB-GENDER-SSN-DRLIC-PASSPORT,1
+NAME+PHONE-DOB-SSN-DRLIC-PASSPORT,1
+NAME+PHONE+DRLIC+PASSPORT,1
+NAME+PHONE+DRLIC+PASSPORT+ACCT_NUM,1
+NAME+PHONE+DRLIC+PASSPORT+LOGIN_ID+ACCT_NUM (Ambiguous),1
+NAME+PHONE-GENERATION-SSN,1
+NAME+PHONE+LOGIN_ID+ACCT_NUM-DRLIC,1
+NAME+PHONE+LOGIN_ID-DRLIC,1
+NAME+PHONE+PASSPORT+ACCT_NUM-DRLIC,1
+NAME+PHONE+PASSPORT+LOGIN_ID+ACCT_NUM (Ambiguous),1
+NAME+PHONE+SSN+ACCT_NUM-GENERATION,1
+NAME+PHONE+SSN+DRLIC+PASSPORT+LOGIN_ID+ACCT_NUM (Ambiguous),1
+NAME+PHONE+SSN+PASSPORT,1
+NAME+PHONE+SSN+PASSPORT-GENERATION,1
+NAME-SSN,1
+NAME+SSN-DOB-GENDER-PASSPORT,1
+NAME+SSN+DRLIC+LOGIN_ID-GENERATION,1
+NAME+SSN+DRLIC+PASSPORT,1
+NAME+SSN-GENDER-DRLIC,1
+NAME+SSN-GENDER-PASSPORT,1
+NAME+SSN-GENERATION,1
+NAME+SSN+PASSPORT-DRLIC,1
+NAME+SSN+PASSPORT+LOGIN_ID-DRLIC,1
+DOB+ADDRESS+PHONE+SSN-DRLIC-PASSPORT,1
+PASSPORT+ACCT_NUM-GENDER-SSN,1
+PASSPORT+ACCT_NUM-GENERATION,1
+PASSPORT-GENERATION-SSN,1
+DOB+ADDRESS+PHONE+SSN+DRLIC (Ambiguous),1
+DOB+ADDRESS+PHONE+SSN+DRLIC+ACCT_NUM-GENERATION,1
+DOB+ADDRESS+PHONE+SSN+DRLIC+ACCT_NUM (Ambiguous),1
+PHONE+DRLIC+ACCT_NUM-GENERATION,1
+PHONE+DRLIC+ACCT_NUM-SSN,1
+PHONE+DRLIC-GENERATION,1
+DOB+ADDRESS+PHONE-SSN,1
+DOB+ADDRESS+PHONE+PASSPORT-GENERATION,1
+DOB+ADDRESS+PHONE+LOGIN_ID+ACCT_NUM-GENERATION,1
+PHONE-GENERATION-DOB-GENDER-SSN-PASSPORT,1
+PHONE-GENERATION-DOB-PASSPORT,1
+PHONE-GENERATION-DOB-SSN,1
+PHONE-GENERATION-DOB-SSN-DRLIC-PASSPORT,1
+PHONE-GENERATION-DOB-SSN-PASSPORT,1
+PHONE-GENERATION-GENDER-DRLIC,1
+PHONE-GENERATION-GENDER-SSN-PASSPORT,1
+PHONE-GENERATION-PASSPORT,1
+PHONE-GENERATION-SSN-DRLIC,1
+PHONE-GENERATION-SSN-PASSPORT,1
+DOB+ADDRESS+PHONE-GENERATION,1
+PHONE+LOGIN_ID-SSN,1
+PHONE+PASSPORT-DRLIC,1
+DOB+ADDRESS+PHONE+DRLIC-GENERATION,1
+DOB+ADDRESS+PHONE+DRLIC+ACCT_NUM-GENERATION,1
+PHONE+SSN-DOB-PASSPORT,1
+DOB+ADDRESS+PHONE+ACCT_NUM-SSN-PASSPORT,1
+DOB+ADDRESS+PHONE+ACCT_NUM-SSN,1
+PHONE+SSN+DRLIC+LOGIN_ID+ACCT_NUM-DOB,1
+DOB+ADDRESS+LOGIN_ID-GENERATION,1
+PHONE+SSN+LOGIN_ID-DRLIC,1
+PHONE+SSN+LOGIN_ID-PASSPORT,1
+DOB+ADDRESS+LOGIN_ID-DRLIC,1
+DOB+ADDRESS+LOGIN_ID+ACCT_NUM-SSN,1
+DOB+ADDRESS+LOGIN_ID+ACCT_NUM-GENERATION,1
+PHONE+SSN+PASSPORT+ACCT_NUM-GENERATION,1
+PHONE+SSN+PASSPORT-DRLIC,1
+PHONE+SSN+PASSPORT+LOGIN_ID-DRLIC,1
+PNAME+ACCT_NUM-GENERATION,1
+PNAME+ACCT_NUM-SSN,1
+PNAME+ADDRESS+ACCT_NUM,1
+PNAME+ADDRESS+ACCT_NUM-SSN,1
+PNAME+ADDRESS+ACCT_NUM-SSN-DRLIC,1
+PNAME+ADDRESS+ACCT_NUM-SSN-PASSPORT,1
+PNAME+ADDRESS+DRLIC+PASSPORT+LOGIN_ID+ACCT_NUM (Ambiguous),1
+PNAME+ADDRESS-GENERATION,1
+PNAME+ADDRESS+LOGIN_ID+ACCT_NUM-DRLIC,1
+PNAME+ADDRESS+LOGIN_ID-GENERATION,1
+PNAME+ADDRESS+PASSPORT+ACCT_NUM,1
+PNAME+ADDRESS+PASSPORT+LOGIN_ID-DRLIC,1
+PNAME+ADDRESS+PHONE-DOB-DRLIC,1
+PNAME+ADDRESS+PHONE-DOB-SSN-DRLIC,1
+PNAME+ADDRESS+PHONE+DRLIC-GENERATION,1
+PNAME+ADDRESS+PHONE-GENDER,1
+PNAME+ADDRESS+PHONE-PASSPORT,1
+PNAME+ADDRESS+PHONE+PASSPORT+ACCT_NUM-DRLIC,1
+PNAME+ADDRESS+PHONE+PASSPORT-GENERATION,1
+PNAME+ADDRESS+PHONE+SSN+DRLIC+ACCT_NUM-GENERATION,1
+PNAME+ADDRESS+PHONE+SSN+DRLIC+PASSPORT,1
+PNAME+ADDRESS+PHONE+SSN+LOGIN_ID+ACCT_NUM-GENERATION,1
+PNAME+ADDRESS+PHONE+SSN+LOGIN_ID-DOB,1
+PNAME+ADDRESS+PHONE-SSN-PASSPORT,1
+PNAME+ADDRESS+SSN+ACCT_NUM-GENERATION,1
+PNAME+ADDRESS+SSN+DRLIC-GENERATION,1
+PNAME+ADDRESS+SSN+DRLIC+PASSPORT+LOGIN_ID+ACCT_NUM (Ambiguous),1
+PNAME+ADDRESS+SSN+DRLIC+PASSPORT+LOGIN_ID (Ambiguous),1
+PNAME+ADDRESS+SSN+LOGIN_ID+ACCT_NUM-GENERATION,1
+PNAME+ADDRESS+SSN+LOGIN_ID-DRLIC,1
+PNAME+ADDRESS+SSN+LOGIN_ID-GENERATION,1
+PNAME+ADDRESS+SSN-PASSPORT,1
+PNAME+ADDRESS+SSN+PASSPORT+ACCT_NUM-DRLIC,1
+PNAME+ADDRESS+SSN+PASSPORT-DRLIC,1
+PNAME+ADDRESS+SSN+PASSPORT+LOGIN_ID+ACCT_NUM-DRLIC,1
+DOB+ADDRESS+DRLIC+PASSPORT-GENERATION,1
+PNAME+DOB+ADDRESS+ACCT_NUM-DRLIC,1
+PNAME+DOB+ADDRESS+ACCT_NUM-SSN,1
+PNAME+DOB+ADDRESS-DRLIC,1
+PNAME+DOB+ADDRESS+DRLIC-GENERATION,1
+PNAME+DOB+ADDRESS+DRLIC+PASSPORT+ACCT_NUM (Ambiguous),1
+PNAME+DOB+ADDRESS+DRLIC+PASSPORT+LOGIN_ID (Ambiguous),1
+PNAME+DOB+ADDRESS+LOGIN_ID+ACCT_NUM-DRLIC,1
+PNAME+DOB+ADDRESS+PASSPORT+ACCT_NUM-DRLIC,1
+PNAME+DOB+ADDRESS+PASSPORT+LOGIN_ID+ACCT_NUM (Ambiguous),1
+PNAME+DOB+ADDRESS+PASSPORT+LOGIN_ID-DRLIC,1
+PNAME+DOB+ADDRESS+PHONE+ACCT_NUM-GENERATION,1
+PNAME+DOB+ADDRESS+PHONE+ACCT_NUM-SSN,1
+PNAME+DOB+ADDRESS+PHONE+DRLIC,1
+PNAME+DOB+ADDRESS+PHONE+DRLIC+PASSPORT+LOGIN_ID (Ambiguous),1
+PNAME+DOB+ADDRESS+PHONE-PASSPORT,1
+PNAME+DOB+ADDRESS+PHONE+PASSPORT+ACCT_NUM-GENDER-SSN,1
+PNAME+DOB+ADDRESS+PHONE+PASSPORT-DRLIC,1
+PNAME+DOB+ADDRESS+PHONE-SSN,1
+PNAME+DOB+ADDRESS+PHONE+SSN+ACCT_NUM-GENERATION,1
+PNAME+DOB+ADDRESS+PHONE+SSN-DRLIC,1
+PNAME+DOB+ADDRESS+PHONE+SSN+DRLIC-GENERATION,1
+PNAME+DOB+ADDRESS+PHONE+SSN+DRLIC+PASSPORT+LOGIN_ID+ACCT_NUM (Ambiguous),1
+PNAME+DOB+ADDRESS+PHONE+SSN-GENERATION,1
+PNAME+DOB+ADDRESS+PHONE+SSN+LOGIN_ID+ACCT_NUM-DRLIC,1
+PNAME+DOB+ADDRESS+PHONE+SSN+PASSPORT-DRLIC,1
+PNAME+DOB+ADDRESS-SSN,1
+PNAME+DOB+ADDRESS+SSN+ACCT_NUM-DRLIC,1
+PNAME+DOB+ADDRESS+SSN+ACCT_NUM-GENERATION,1
+PNAME+DOB+ADDRESS+SSN+DRLIC+PASSPORT+LOGIN_ID+ACCT_NUM (Ambiguous),1
+PNAME+DOB+ADDRESS+SSN+PASSPORT-DRLIC,1
+PNAME+DOB+ADDRESS+SSN+PASSPORT+LOGIN_ID+ACCT_NUM (Ambiguous),1
+PNAME+DOB+ADDRESS+SSN+PASSPORT+LOGIN_ID (Ambiguous),1
+PNAME+DOB+DRLIC-SSN,1
+PNAME-DOB-GENDER-SSN-PASSPORT,1
+PNAME+DOB+PASSPORT+ACCT_NUM-DRLIC,1
+PNAME+DOB+PASSPORT+LOGIN_ID+ACCT_NUM (Ambiguous),1
+PNAME+DOB+PHONE+ACCT_NUM-GENERATION,1
+PNAME+DOB+PHONE+ACCT_NUM-SSN-PASSPORT,1
+PNAME+DOB+PHONE+DRLIC-GENERATION,1
+PNAME+DOB+PHONE+DRLIC+LOGIN_ID+ACCT_NUM (Ambiguous),1
+PNAME+DOB+PHONE+DRLIC+LOGIN_ID (Ambiguous),1
+PNAME+DOB+PHONE-GENERATION,1
+PNAME+DOB+PHONE+LOGIN_ID+ACCT_NUM-GENDER,1
+PNAME+DOB+PHONE+LOGIN_ID-DRLIC,1
+PNAME+DOB+PHONE+LOGIN_ID-GENERATION,1
+PNAME+DOB+PHONE-SSN-DRLIC,1
+PNAME+DOB+PHONE+SSN-DRLIC,1
+PNAME+DOB+PHONE+SSN+DRLIC-GENERATION,1
+PNAME+DOB+PHONE+SSN+DRLIC+PASSPORT-GENERATION,1
+PNAME+DOB+PHONE+SSN+PASSPORT-DRLIC,1
+PNAME+DOB+PHONE+SSN+PASSPORT-GENERATION,1
+PNAME+DOB+PHONE+SSN+PASSPORT+LOGIN_ID (Ambiguous),1
+PNAME+DOB+SSN+ACCT_NUM-GENERATION,1
+PNAME+DOB+SSN-DRLIC,1
+PNAME+DOB+SSN+DRLIC+ACCT_NUM-GENERATION,1
+PNAME+DOB+SSN+DRLIC+LOGIN_ID+ACCT_NUM (Ambiguous),1
+PNAME+DOB+SSN+DRLIC+LOGIN_ID (Ambiguous),1
+PNAME+DOB+SSN+DRLIC+PASSPORT+LOGIN_ID (Ambiguous),1
+PNAME+DOB+SSN+PASSPORT,1
+PNAME+DOB+SSN+PASSPORT-DRLIC,1
+DOB+ADDRESS+DRLIC-GENERATION,1
+PNAME+DRLIC-GENERATION,1
+PNAME-DRLIC-PASSPORT,1
+DOB+ADDRESS+ACCT_NUM-SSN-PASSPORT,1
+DOB+ACCT_NUM-GENERATION,1
+PNAME+LOGIN_ID+ACCT_NUM-DOB-GENDER-SSN-DRLIC-PASSPORT,1
+ADDRESS+SSN-PASSPORT,1
+PNAME+LOGIN_ID-GENERATION-DOB,1
+PNAME+LOGIN_ID-GENERATION-DOB-DRLIC,1
+PNAME+LOGIN_ID-GENERATION-DOB-GENDER-DRLIC,1
+PNAME+LOGIN_ID-GENERATION-DRLIC,1
+PNAME+LOGIN_ID-GENERATION-GENDER-SSN,1
+PNAME+LOGIN_ID-GENERATION-GENDER-SSN-PASSPORT,1
+ADDRESS+SSN+LOGIN_ID-GENERATION,1
+ADDRESS+SSN+LOGIN_ID-DOB,1
+ADDRESS+SSN+LOGIN_ID+ACCT_NUM-DRLIC,1
+ADDRESS+SSN-GENERATION,1
+PNAME+PASSPORT+ACCT_NUM-DRLIC,1
+PNAME+PASSPORT-GENERATION,1
+PNAME+PASSPORT-SSN,1
+PNAME+PHONE-DOB-GENDER-DRLIC,1
+PNAME+PHONE-DOB-SSN-DRLIC-PASSPORT,1
+PNAME+PHONE-GENDER-DRLIC,1
+PNAME+PHONE-GENDER-DRLIC-PASSPORT,1
+PNAME+PHONE-GENDER-SSN-DRLIC-PASSPORT,1
+PNAME+PHONE+LOGIN_ID+ACCT_NUM-DRLIC,1
+PNAME+PHONE+PASSPORT+LOGIN_ID+ACCT_NUM (Ambiguous),1
+PNAME+PHONE+SSN+ACCT_NUM-DRLIC,1
+PNAME+PHONE+SSN+ACCT_NUM-GENERATION,1
+PNAME+PHONE-SSN-DRLIC-PASSPORT,1
+PNAME+PHONE+SSN+LOGIN_ID-DRLIC,1
+ADDRESS+SSN+DRLIC+ACCT_NUM-GENERATION,1
+PNAME+SSN+DRLIC+LOGIN_ID+ACCT_NUM,1
+PNAME+SSN-GENERATION,1
+PNAME+SSN+LOGIN_ID+ACCT_NUM,1
+PNAME+SSN+LOGIN_ID+ACCT_NUM-DRLIC,1
+PNAME+SSN+PASSPORT-DRLIC,1
+PNAME+SSN+PASSPORT+LOGIN_ID,1
+ADDRESS+SSN+ACCT_NUM-GENERATION,1
+ADDRESS+SSN+ACCT_NUM (Ambiguous),1
+ADDRESS+PHONE+SSN+PASSPORT+LOGIN_ID-GENERATION,1
+ADDRESS+PHONE+SSN+PASSPORT+LOGIN_ID+ACCT_NUM-DRLIC,1
+ADDRESS+PHONE+SSN+PASSPORT-GENERATION,1
+ADDRESS+PHONE+SSN-GENDER,1
+ADDRESS+PHONE+SSN+DRLIC+PASSPORT-GENERATION,1
+SSN+DRLIC-DOB,1
+SSN+DRLIC+LOGIN_ID-GENERATION,1
+ADDRESS+PHONE+SSN+DRLIC+ACCT_NUM-GENERATION,1
+ADDRESS+PHONE-SSN-DRLIC,1
+ADDRESS+PHONE+PASSPORT-SSN,1
+SSN-GENERATION-GENDER-DRLIC,1
+SSN+LOGIN_ID-DOB-PASSPORT,1
+ADDRESS+PHONE+PASSPORT-DRLIC,1
+ADDRESS+PHONE-GENDER,1
+ADDRESS+PHONE+DRLIC-SSN,1
+SSN+PASSPORT+ACCT_NUM (Ambiguous),1
+SSN+PASSPORT+ACCT_NUM-DRLIC,1
+SSN+PASSPORT+LOGIN_ID-DRLIC,1
+ADDRESS+PHONE+DRLIC-PASSPORT,1
+SURNAME+ADDRESS+ACCT_NUM-DRLIC,1
+SURNAME+ADDRESS+DRLIC-PASSPORT,1
+SURNAME+ADDRESS+DRLIC-SSN,1
+SURNAME+ADDRESS-GENERATION,1
+SURNAME+ADDRESS-GENERATION-DOB,1
+SURNAME+ADDRESS-GENERATION-DOB-SSN,1
+SURNAME+ADDRESS-GENERATION-DOB-SSN-PASSPORT,1
+SURNAME+ADDRESS-GENERATION-GENDER-SSN,1
+SURNAME+ADDRESS-GENERATION-GENDER-SSN-PASSPORT,1
+SURNAME+ADDRESS-GENERATION-SSN,1
+ADDRESS+PHONE+DRLIC+ACCT_NUM-PASSPORT,1
+ADDRESS+PHONE+DRLIC+ACCT_NUM-GENERATION,1
+SURNAME+ADDRESS+PHONE+ACCT_NUM (Ambiguous),1
+SURNAME+ADDRESS+PHONE+ACCT_NUM-SSN-DRLIC,1
+ADDRESS+PHONE-DOB-SSN,1
+ADDRESS+PHONE-DOB-DRLIC-PASSPORT,1
+SURNAME+ADDRESS+PHONE+DRLIC-DRLIC-PASSPORT,1
+SURNAME+ADDRESS+PHONE-GENERATION,1
+SURNAME+ADDRESS+PHONE+LOGIN_ID-DRLIC,1
+SURNAME+ADDRESS+PHONE+PASSPORT+LOGIN_ID+ACCT_NUM-DOB,1
+SURNAME+ADDRESS+PHONE-SSN,1
+ADDRESS+PASSPORT+ACCT_NUM-DRLIC,1
+ADDRESS+LOGIN_ID-SSN-PASSPORT,1
+ADDRESS+LOGIN_ID-SSN,1
+ADDRESS+LOGIN_ID-GENERATION,1
+SURNAME+ADDRESS+PHONE+SSN-GENERATION,1
+ADDRESS+LOGIN_ID-DRLIC,1
+ADDRESS+LOGIN_ID-DOB-SSN,1
+ADDRESS+LOGIN_ID-DOB-GENDER-SSN-PASSPORT,1
+SURNAME+ADDRESS+PHONE+SSN+PASSPORT+ACCT_NUM-DRLIC,1
+ADDRESS+LOGIN_ID-DOB-GENDER-SSN,1
+SURNAME+ADDRESS+SSN+ACCT_NUM-DRLIC,1
+SURNAME+ADDRESS+SSN-DRLIC,1
+SURNAME+ADDRESS+SSN+DRLIC+PASSPORT-GENERATION,1
+SURNAME+DOB+ADDRESS+ACCT_NUM-DRLIC,1
+SURNAME+DOB+ADDRESS-DRLIC,1
+SURNAME+DOB+ADDRESS+PHONE+ACCT_NUM-GENERATION,1
+SURNAME+DOB+ADDRESS+PHONE+PASSPORT+ACCT_NUM-SSN,1
+SURNAME+DOB+ADDRESS+PHONE-SSN,1
+SURNAME+DOB+ADDRESS+PHONE+SSN+ACCT_NUM-GENERATION,1
+SURNAME+DOB+ADDRESS+PHONE+SSN+PASSPORT-DRLIC,1
+SURNAME-DOB-DRLIC,1
+SURNAME-DOB-GENDER,1
+SURNAME-DOB-GENDER-DRLIC,1
+SURNAME-DOB-GENDER-DRLIC-PASSPORT,1
+SURNAME-DOB-GENDER-PASSPORT,1
+SURNAME-DOB-PASSPORT,1
+SURNAME+DOB+PASSPORT+ACCT_NUM-DRLIC,1
+SURNAME+DOB+PHONE+ACCT_NUM-PASSPORT,1
+SURNAME+DOB+PHONE+PASSPORT-SSN,1
+SURNAME+DOB+PHONE-SSN,1
+SURNAME+DOB+PHONE+SSN+ACCT_NUM-DRLIC,1
+SURNAME+DOB+PHONE+SSN (Ambiguous),1
+SURNAME+DOB+PHONE+SSN+DRLIC (Ambiguous),1
+SURNAME+DOB+PHONE+SSN+DRLIC+PASSPORT+LOGIN_ID+ACCT_NUM,1
+SURNAME+DOB+PHONE+SSN-GENERATION,1
+SURNAME-DRLIC,1
+SURNAME+DRLIC-GENERATION-SSN,1
+SURNAME-DRLIC-PASSPORT,1
+SURNAME-GENDER,1
+SURNAME-GENDER-PASSPORT,1
+SURNAME-GENERATION-DOB,1
+SURNAME+LOGIN_ID-GENERATION-DOB,1
+SURNAME+LOGIN_ID-GENERATION-DOB-GENDER-SSN-PASSPORT,1
+SURNAME+LOGIN_ID-GENERATION-GENDER-PASSPORT,1
+SURNAME+LOGIN_ID-GENERATION-GENDER-SSN,1
+SURNAME-PASSPORT,1
+SURNAME+PHONE-DOB-GENDER-DRLIC,1
+SURNAME+PHONE-DOB-GENDER-PASSPORT,1
+SURNAME+PHONE-DOB-GENDER-SSN-DRLIC-PASSPORT,1
+SURNAME+PHONE-GENDER,1
+SURNAME+PHONE-GENDER-DRLIC,1
+SURNAME+PHONE-GENDER-SSN-DRLIC-PASSPORT,1
+ADDRESS+DRLIC-GENERATION,1
+ADDRESS+ACCT_NUM-PASSPORT,1
+ADDRESS+ACCT_NUM-GENERATION,1
+ADDRESS+ACCT_NUM-GENDER-PASSPORT,1
+ACCT_NUM-PASSPORT,1
+ACCT_NUM-GENDER,1
+SURNAME+SSN+ACCT_NUM-DRLIC,1
+SURNAME+SSN-DOB-DRLIC-PASSPORT,1
+SURNAME+SSN-DOB-GENDER-DRLIC-PASSPORT,1
+ACCT_NUM-DOB-GENDER-SSN,1
+SURNAME+SSN+PASSPORT-DRLIC,1
+DOB+PHONE+LOGIN_ID-DRLIC,1
