time_utc,consumer_cpu,consumer_mem,redoer_cpu,redoer_mem
2026-08-26 17:55,,,0.024,3.955
2026-08-26 17:56,,,0.023,3.955
2026-08-26 17:57,,,0.023,3.955
2026-08-26 17:58,,,0.022,3.955
2026-08-26 17:59,0.0,0.0,0.022,3.955
2026-08-26 18:00,83.437,22.016,91.253,22.668
2026-08-26 18:01,86.657,34.671,99.958,39.689
2026-08-26 18:02,99.268,50.635,99.974,53.853
2026-08-26 18:03,99.411,63.581,99.924,63.578
2026-08-26 18:04,69.578,50.582,99.94,61.542
2026-08-26 18:05,58.473,23.721,12.059,5.478
2026-08-26 18:06,43.706,13.693,99.268,49.774
2026-08-26 18:07,44.002,20.672,99.506,54.828
2026-08-26 18:08,1.38,23.84,60.355,53.175
2026-08-26 18:09,4.235,24.465,42.502,47.736
2026-08-26 18:10,55.035,22.053,96.771,56.977
2026-08-26 18:11,42.162,19.536,97.108,51.213
2026-08-26 18:12,48.074,21.223,96.63,51.804
2026-08-26 18:13,37.104,22.651,54.91,24.167
2026-08-26 18:14,33.008,37.232,74.002,37.061
2026-08-26 18:15,20.715,29.967,68.586,39.62
2026-08-26 18:16,21.305,28.906,42.584,40.724
2026-08-26 18:17,12.81,31.4,72.656,49.563
2026-08-26 18:18,13.135,30.161,97.259,55.107
2026-08-26 18:19,9.205,27.769,91.84,53.113
2026-08-26 18:20,1.703,26.111,99.271,55.515
2026-08-26 18:21,0.768,24.4,99.465,57.151
2026-08-26 18:22,0.653,22.987,33.853,18.33
2026-08-26 18:23,0.736,20.929,18.364,21.327
2026-08-26 18:24,0.256,20.814,0.159,21.821
2026-08-26 18:25,0.135,20.86,0.023,21.866
2026-08-26 18:26,0.131,20.86,0.023,21.866
2026-08-26 18:27,0.141,20.86,0.023,21.866
2026-08-26 18:28,0.139,20.858,0.023,21.866
2026-08-26 18:29,0.133,20.858,0.023,21.866
2026-08-26 18:30,0.134,20.858,0.023,21.866
2026-08-26 18:31,0.181,20.602,0.023,21.866
2026-08-26 18:32,0.136,20.664,0.023,21.866
2026-08-26 18:33,0.134,20.681,0.023,21.866
2026-08-26 18:34,0.134,20.681,0.023,21.866
2026-08-26 18:35,0.137,20.681,0.023,21.866
2026-08-26 18:36,0.131,20.681,0.023,21.866
2026-08-26 18:37,0.134,20.681,0.023,21.866
2026-08-26 18:38,0.137,20.681,0.023,21.866
2026-08-26 18:39,0.135,20.681,0.023,21.866
2026-08-26 18:40,0.135,20.681,0.023,21.866
2026-08-26 18:41,0.155,20.404,0.023,21.405
2026-08-26 18:42,0.133,20.469,0.023,21.405
2026-08-26 18:43,0.134,20.469,0.023,21.405
2026-08-26 18:44,0.131,20.469,0.023,21.405
2026-08-26 18:45,0.135,20.469,0.023,21.405
2026-08-26 18:46,0.133,20.469,0.023,21.405
2026-08-26 18:47,0.13,20.469,0.023,21.405
2026-08-26 18:48,0.134,20.469,0.023,21.405
2026-08-26 18:49,0.134,20.469,0.023,21.405
2026-08-26 18:50,0.134,20.469,0.023,21.405
2026-08-26 18:51,0.132,20.469,0.023,21.405
2026-08-26 18:52,0.135,20.469,0.023,21.405
2026-08-26 18:53,0.134,20.469,0.023,21.405
2026-08-26 18:54,0.131,20.541,0.023,21.405
2026-08-26 18:55,0.137,20.541,0.023,21.405
2026-08-26 18:56,0.134,20.541,0.023,21.405
2026-08-26 18:57,0.132,20.541,0.023,21.405
2026-08-26 18:58,0.136,20.541,0.023,21.405
2026-08-26 18:59,0.132,20.541,0.023,21.405
2026-08-26 19:00,0.135,20.541,0.023,21.405
2026-08-26 19:01,0.132,20.541,0.023,21.405
2026-08-26 19:02,0.133,20.541,0.023,21.877
2026-08-26 19:03,0.137,20.541,0.023,21.877
2026-08-26 19:04,0.132,20.541,0.023,21.877
2026-08-26 19:05,0.133,20.541,0.023,21.877
2026-08-26 19:06,0.135,20.541,0.023,21.877
2026-08-26 19:07,0.132,20.541,0.023,21.877
2026-08-26 19:08,0.136,20.541,0.023,21.877
2026-08-26 19:09,0.132,20.541,0.023,21.877
2026-08-26 19:10,0.134,20.541,0.023,21.877
2026-08-26 19:11,0.133,20.541,0.023,21.877
2026-08-26 19:12,0.132,20.541,0.023,21.877
2026-08-26 19:13,0.135,20.541,0.023,21.877
2026-08-26 19:14,0.135,20.541,0.023,21.877
2026-08-26 19:15,0.133,20.814,0.023,21.877
2026-08-26 19:16,0.133,20.814,0.023,21.877
2026-08-26 19:17,0.132,20.814,0.023,21.877
2026-08-26 19:18,0.133,20.814,0.023,21.877
2026-08-26 19:19,0.132,20.814,0.023,21.877
2026-08-26 19:20,0.136,20.814,0.023,21.877
2026-08-26 19:21,0.133,20.814,0.023,21.877
2026-08-26 19:22,0.13,20.814,0.023,21.877
2026-08-26 19:23,0.135,20.814,0.023,21.558
2026-08-26 19:24,0.132,20.814,0.023,21.558
2026-08-26 19:25,0.131,20.814,0.023,21.558
2026-08-26 19:26,0.134,20.814,0.023,21.558
2026-08-26 19:27,0.131,20.814,0.023,21.558
2026-08-26 19:28,0.134,20.814,0.023,21.558
2026-08-26 19:29,0.129,20.814,0.023,21.558
2026-08-26 19:30,0.133,20.814,0.023,21.558
2026-08-26 19:31,0.135,20.814,0.023,21.558
2026-08-26 19:32,0.131,20.814,0.023,21.558
2026-08-26 19:33,0.134,20.814,0.023,21.558
2026-08-26 19:34,0.133,20.814,0.023,21.558
2026-08-26 19:35,0.131,20.814,0.023,21.558
2026-08-26 19:36,0.135,20.493,0.023,21.558
2026-08-26 19:37,0.131,20.493,0.023,21.558
2026-08-26 19:38,0.135,20.493,0.023,21.558
2026-08-26 19:39,0.133,20.493,0.023,21.558
2026-08-26 19:40,0.131,20.493,0.023,21.558
2026-08-26 19:41,0.133,20.493,0.023,21.558
2026-08-26 19:42,0.133,20.493,0.023,21.558
2026-08-26 19:43,0.133,20.493,0.023,21.558
2026-08-26 19:44,0.132,20.493,0.023,21.685
2026-08-26 19:45,0.134,20.493,0.023,21.685
2026-08-26 19:46,0.134,20.493,0.023,21.685
2026-08-26 19:47,0.131,20.493,0.023,21.685
2026-08-26 19:48,0.137,20.493,0.023,21.685
2026-08-26 19:49,0.132,20.493,0.023,21.685
2026-08-26 19:50,0.132,20.493,0.023,21.685
2026-08-26 19:51,0.136,20.493,0.023,21.685
2026-08-26 19:52,0.132,20.493,0.023,21.685
2026-08-26 19:53,0.134,20.493,0.023,21.685
2026-08-26 19:54,0.134,20.493,0.023,21.685
2026-08-26 19:55,0.131,20.493,0.023,21.685
2026-08-26 19:56,0.135,20.493,0.023,21.685
2026-08-26 19:57,0.13,20.325,0.023,21.685
2026-08-26 19:58,0.132,20.325,0.023,21.685
2026-08-26 19:59,0.132,20.325,0.023,21.685
2026-08-26 20:00,0.129,20.325,0.023,21.685
2026-08-26 20:01,0.135,20.325,0.023,21.685
2026-08-26 20:02,0.131,20.325,0.023,21.685
2026-08-26 20:03,0.132,20.325,0.023,21.685
2026-08-26 20:04,0.134,20.325,0.023,21.685
2026-08-26 20:05,0.132,20.325,0.023,21.685
2026-08-26 20:06,0.134,20.325,0.023,21.913
2026-08-26 20:07,0.132,20.325,0.023,21.913
2026-08-26 20:08,0.131,20.325,0.023,21.913
2026-08-26 20:09,0.133,20.325,0.023,21.913
2026-08-26 20:10,0.131,20.325,0.023,21.913
2026-08-26 20:11,0.131,20.325,0.023,21.913
2026-08-26 20:12,0.131,20.325,0.023,21.913
2026-08-26 20:13,0.133,20.325,0.023,21.913
2026-08-26 20:14,0.13,20.325,0.023,21.913
2026-08-26 20:15,0.136,18.831,,
