time_utc,in_visible,in_sent,in_deleted,out_visible,out_sent,out_deleted,dlq_visible,dlq_sent,dlq_deleted
2026-08-26 17:55,995745.0,0.0,0.0,0.0,0.0,0.0,0.0,0.0,0.0
2026-08-26 17:56,995745.0,0.0,0.0,0.0,0.0,0.0,0.0,0.0,0.0
2026-08-26 17:57,995745.0,0.0,0.0,0.0,0.0,0.0,0.0,0.0,0.0
2026-08-26 17:58,995745.0,0.0,0.0,0.0,0.0,0.0,0.0,0.0,0.0
2026-08-26 17:59,995745.0,0.0,1404.0,0.0,0.0,0.0,0.0,0.0,0.0
2026-08-26 18:00,995745.0,0.0,25166.0,0.0,0.0,0.0,0.0,0.0,0.0
2026-08-26 18:01,967885.0,0.0,17968.0,0.0,0.0,0.0,0.0,0.0,0.0
2026-08-26 18:02,949145.0,0.0,16234.0,0.0,0.0,0.0,0.0,0.0,0.0
2026-08-26 18:03,933079.0,0.0,12769.0,0.0,0.0,0.0,0.0,0.0,0.0
2026-08-26 18:04,932272.0,0.0,12822.0,0.0,0.0,0.0,0.0,0.0,0.0
2026-08-26 18:05,911998.0,0.0,58672.0,0.0,0.0,0.0,0.0,0.0,0.0
2026-08-26 18:06,852472.0,0.0,82873.0,0.0,0.0,0.0,0.0,0.0,0.0
2026-08-26 18:07,774246.0,0.0,51237.0,0.0,0.0,0.0,0.0,0.0,0.0
2026-08-26 18:08,715200.0,0.0,1248.0,0.0,0.0,0.0,0.0,0.0,0.0
2026-08-26 18:09,713787.0,0.0,8702.0,0.0,0.0,0.0,0.0,0.0,0.0
2026-08-26 18:10,713123.0,0.0,63569.0,0.0,0.0,0.0,0.0,0.0,0.0
2026-08-26 18:11,636031.0,0.0,124590.0,0.0,0.0,0.0,0.0,0.0,0.0
2026-08-26 18:12,513461.0,0.0,83194.0,0.0,0.0,0.0,0.0,0.0,0.0
2026-08-26 18:13,426408.0,0.0,111355.0,0.0,0.0,0.0,0.0,0.0,0.0
2026-08-26 18:14,316374.0,0.0,54406.0,0.0,0.0,0.0,0.0,0.0,0.0
2026-08-26 18:15,276399.0,0.0,91306.0,0.0,0.0,0.0,0.0,0.0,0.0
2026-08-26 18:16,173009.0,0.0,107385.0,0.0,0.0,0.0,0.0,0.0,0.0
2026-08-26 18:17,63868.0,0.0,19563.0,0.0,0.0,0.0,0.0,0.0,0.0
2026-08-26 18:18,49068.0,0.0,20926.0,0.0,0.0,0.0,0.0,0.0,0.0
2026-08-26 18:19,47407.0,0.0,29640.0,0.0,0.0,0.0,0.0,0.0,0.0
2026-08-26 18:20,0.0,0.0,325.0,0.0,0.0,0.0,0.0,0.0,0.0
2026-08-26 18:21,0.0,0.0,187.0,0.0,0.0,0.0,0.0,0.0,0.0
2026-08-26 18:22,0.0,0.0,158.0,0.0,0.0,0.0,4.0,6.0,0.0
2026-08-26 18:23,0.0,0.0,30.0,0.0,0.0,0.0,6.0,0.0,0.0
2026-08-26 18:24,0.0,0.0,0.0,0.0,0.0,0.0,6.0,0.0,0.0
2026-08-26 18:25,0.0,0.0,0.0,0.0,0.0,0.0,6.0,0.0,0.0
2026-08-26 18:26,0.0,0.0,0.0,0.0,0.0,0.0,6.0,0.0,0.0
2026-08-26 18:27,0.0,0.0,8.0,0.0,0.0,0.0,6.0,0.0,0.0
2026-08-26 18:28,0.0,0.0,6.0,0.0,0.0,0.0,6.0,0.0,0.0
2026-08-26 18:29,0.0,0.0,0.0,0.0,0.0,0.0,6.0,0.0,0.0
2026-08-26 18:30,0.0,0.0,1.0,0.0,0.0,0.0,6.0,0.0,0.0
2026-08-26 18:31,0.0,0.0,0.0,0.0,0.0,0.0,6.0,0.0,0.0
2026-08-26 18:32,0.0,0.0,0.0,0.0,0.0,0.0,6.0,0.0,0.0
2026-08-26 18:33,0.0,0.0,0.0,0.0,0.0,0.0,6.0,0.0,0.0
2026-08-26 18:34,0.0,0.0,0.0,0.0,0.0,0.0,6.0,0.0,0.0
2026-08-26 18:35,0.0,0.0,0.0,0.0,0.0,0.0,6.0,0.0,0.0
2026-08-26 18:36,0.0,0.0,0.0,0.0,0.0,0.0,6.0,0.0,0.0
2026-08-26 18:37,0.0,0.0,0.0,0.0,0.0,0.0,6.0,0.0,0.0
2026-08-26 18:38,0.0,0.0,0.0,0.0,0.0,0.0,6.0,0.0,0.0
2026-08-26 18:39,0.0,0.0,0.0,0.0,0.0,0.0,6.0,0.0,0.0
2026-08-26 18:40,0.0,0.0,0.0,0.0,0.0,0.0,6.0,0.0,0.0
2026-08-26 18:41,0.0,0.0,0.0,0.0,0.0,0.0,6.0,0.0,0.0
2026-08-26 18:42,0.0,0.0,0.0,0.0,0.0,0.0,6.0,0.0,0.0
2026-08-26 18:43,0.0,0.0,0.0,0.0,0.0,0.0,6.0,0.0,0.0
2026-08-26 18:44,0.0,0.0,0.0,0.0,0.0,0.0,6.0,0.0,0.0
2026-08-26 18:45,0.0,0.0,0.0,0.0,0.0,0.0,6.0,0.0,0.0
2026-08-26 18:46,0.0,0.0,0.0,0.0,0.0,0.0,6.0,0.0,0.0
2026-08-26 18:47,0.0,0.0,0.0,0.0,0.0,0.0,6.0,0.0,0.0
2026-08-26 18:48,0.0,0.0,0.0,0.0,0.0,0.0,6.0,0.0,0.0
2026-08-26 18:49,0.0,0.0,0.0,0.0,0.0,0.0,6.0,0.0,0.0
2026-08-26 18:50,0.0,0.0,0.0,0.0,0.0,0.0,6.0,0.0,0.0
2026-08-26 18:51,0.0,0.0,0.0,0.0,0.0,0.0,7.0,0.0,0.0
2026-08-26 18:52,0.0,0.0,0.0,0.0,0.0,0.0,7.0,0.0,0.0
2026-08-26 18:53,0.0,0.0,0.0,0.0,0.0,0.0,7.0,0.0,0.0
2026-08-26 18:54,0.0,0.0,0.0,0.0,0.0,0.0,7.0,0.0,0.0
2026-08-26 18:55,0.0,0.0,0.0,0.0,0.0,0.0,7.0,0.0,0.0
2026-08-26 18:56,0.0,0.0,0.0,0.0,0.0,0.0,7.0,0.0,0.0
2026-08-26 18:57,0.0,0.0,0.0,0.0,0.0,0.0,7.0,0.0,0.0
2026-08-26 18:58,0.0,0.0,0.0,0.0,0.0,0.0,7.0,0.0,0.0
2026-08-26 18:59,0.0,0.0,0.0,0.0,0.0,0.0,7.0,0.0,0.0
2026-08-26 19:00,0.0,0.0,0.0,0.0,0.0,0.0,7.0,0.0,0.0
2026-08-26 19:01,0.0,0.0,0.0,0.0,0.0,0.0,7.0,0.0,0.0
2026-08-26 19:02,0.0,0.0,0.0,0.0,0.0,0.0,7.0,0.0,0.0
2026-08-26 19:03,0.0,0.0,0.0,0.0,0.0,0.0,7.0,0.0,0.0
2026-08-26 19:04,0.0,0.0,0.0,0.0,0.0,0.0,7.0,0.0,0.0
2026-08-26 19:05,0.0,0.0,0.0,0.0,0.0,0.0,7.0,0.0,0.0
2026-08-26 19:06,0.0,0.0,0.0,0.0,0.0,0.0,7.0,0.0,0.0
2026-08-26 19:07,0.0,0.0,0.0,0.0,0.0,0.0,7.0,0.0,0.0
2026-08-26 19:08,0.0,0.0,0.0,0.0,0.0,0.0,7.0,0.0,0.0
2026-08-26 19:09,0.0,0.0,0.0,0.0,0.0,0.0,7.0,0.0,0.0
2026-08-26 19:10,0.0,0.0,0.0,0.0,0.0,0.0,7.0,0.0,0.0
2026-08-26 19:11,0.0,0.0,0.0,0.0,0.0,0.0,7.0,0.0,0.0
2026-08-26 19:12,0.0,0.0,0.0,0.0,0.0,0.0,7.0,0.0,0.0
2026-08-26 19:13,0.0,0.0,0.0,0.0,0.0,0.0,7.0,0.0,0.0
2026-08-26 19:14,0.0,0.0,0.0,0.0,0.0,0.0,7.0,0.0,0.0
2026-08-26 19:15,0.0,0.0,0.0,0.0,0.0,0.0,7.0,0.0,0.0
2026-08-26 19:16,0.0,0.0,0.0,0.0,0.0,0.0,7.0,0.0,0.0
2026-08-26 19:17,0.0,0.0,0.0,0.0,0.0,0.0,7.0,0.0,0.0
2026-08-26 19:18,0.0,0.0,0.0,0.0,0.0,0.0,7.0,0.0,0.0
2026-08-26 19:19,0.0,0.0,0.0,0.0,0.0,0.0,7.0,0.0,0.0
2026-08-26 19:20,0.0,0.0,0.0,0.0,0.0,0.0,7.0,0.0,0.0
2026-08-26 19:21,0.0,0.0,0.0,0.0,0.0,0.0,7.0,0.0,0.0
2026-08-26 19:22,0.0,0.0,0.0,0.0,0.0,0.0,7.0,0.0,0.0
2026-08-26 19:23,0.0,0.0,0.0,0.0,0.0,0.0,7.0,0.0,0.0
2026-08-26 19:24,0.0,0.0,0.0,0.0,0.0,0.0,7.0,0.0,0.0
2026-08-26 19:25,0.0,0.0,0.0,0.0,0.0,0.0,7.0,0.0,0.0
2026-08-26 19:26,0.0,0.0,0.0,0.0,0.0,0.0,7.0,0.0,0.0
2026-08-26 19:27,0.0,0.0,0.0,0.0,0.0,0.0,7.0,0.0,0.0
2026-08-26 19:28,0.0,0.0,0.0,0.0,0.0,0.0,7.0,0.0,0.0
2026-08-26 19:29,0.0,0.0,0.0,0.0,0.0,0.0,7.0,0.0,0.0
2026-08-26 19:30,0.0,0.0,0.0,0.0,0.0,0.0,7.0,0.0,0.0
2026-08-26 19:31,0.0,0.0,0.0,0.0,0.0,0.0,7.0,0.0,0.0
2026-08-26 19:32,0.0,0.0,0.0,0.0,0.0,0.0,7.0,0.0,0.0
2026-08-26 19:33,0.0,0.0,0.0,0.0,0.0,0.0,7.0,0.0,0.0
2026-08-26 19:34,0.0,0.0,0.0,0.0,0.0,0.0,7.0,0.0,0.0
2026-08-26 19:35,0.0,0.0,0.0,0.0,0.0,0.0,7.0,0.0,0.0
2026-08-26 19:36,0.0,0.0,0.0,0.0,0.0,0.0,7.0,0.0,0.0
2026-08-26 19:37,0.0,0.0,0.0,0.0,0.0,0.0,7.0,0.0,0.0
2026-08-26 19:38,0.0,0.0,0.0,0.0,0.0,0.0,7.0,0.0,0.0
2026-08-26 19:39,0.0,0.0,0.0,0.0,0.0,0.0,7.0,0.0,0.0
2026-08-26 19:40,0.0,0.0,0.0,0.0,0.0,0.0,7.0,0.0,0.0
2026-08-26 19:41,0.0,0.0,0.0,0.0,0.0,0.0,7.0,0.0,0.0
2026-08-26 19:42,0.0,0.0,0.0,0.0,0.0,0.0,7.0,0.0,0.0
2026-08-26 19:43,0.0,0.0,0.0,0.0,0.0,0.0,7.0,0.0,0.0
2026-08-26 19:44,0.0,0.0,0.0,0.0,0.0,0.0,7.0,0.0,0.0
2026-08-26 19:45,0.0,0.0,0.0,0.0,0.0,0.0,7.0,0.0,0.0
2026-08-26 19:46,0.0,0.0,0.0,0.0,0.0,0.0,7.0,0.0,0.0
2026-08-26 19:47,0.0,0.0,0.0,0.0,0.0,0.0,7.0,0.0,0.0
2026-08-26 19:48,0.0,0.0,0.0,0.0,0.0,0.0,7.0,0.0,0.0
2026-08-26 19:49,0.0,0.0,0.0,0.0,0.0,0.0,7.0,0.0,0.0
2026-08-26 19:50,0.0,0.0,0.0,0.0,0.0,0.0,7.0,0.0,0.0
2026-08-26 19:51,0.0,0.0,0.0,0.0,0.0,0.0,7.0,0.0,0.0
2026-08-26 19:52,0.0,0.0,0.0,0.0,0.0,0.0,7.0,0.0,0.0
2026-08-26 19:53,0.0,0.0,0.0,0.0,0.0,0.0,7.0,0.0,0.0
2026-08-26 19:54,0.0,0.0,0.0,0.0,0.0,0.0,7.0,0.0,0.0
2026-08-26 19:55,0.0,0.0,0.0,0.0,0.0,0.0,7.0,0.0,0.0
2026-08-26 19:56,0.0,0.0,0.0,0.0,0.0,0.0,7.0,0.0,0.0
2026-08-26 19:57,0.0,0.0,0.0,0.0,0.0,0.0,7.0,0.0,0.0
2026-08-26 19:58,0.0,0.0,0.0,0.0,0.0,0.0,7.0,0.0,0.0
2026-08-26 19:59,0.0,0.0,0.0,0.0,0.0,0.0,7.0,0.0,0.0
2026-08-26 20:00,0.0,0.0,0.0,0.0,0.0,0.0,7.0,0.0,0.0
2026-08-26 20:01,0.0,0.0,0.0,0.0,0.0,0.0,7.0,0.0,0.0
2026-08-26 20:02,0.0,0.0,0.0,0.0,0.0,0.0,7.0,0.0,0.0
2026-08-26 20:03,0.0,0.0,0.0,0.0,0.0,0.0,7.0,0.0,0.0
2026-08-26 20:04,0.0,0.0,0.0,0.0,0.0,0.0,7.0,0.0,0.0
2026-08-26 20:05,0.0,0.0,0.0,0.0,0.0,0.0,7.0,0.0,0.0
2026-08-26 20:06,0.0,0.0,0.0,0.0,0.0,0.0,7.0,0.0,0.0
2026-08-26 20:07,0.0,0.0,0.0,0.0,0.0,0.0,7.0,0.0,0.0
2026-08-26 20:08,0.0,0.0,0.0,0.0,0.0,0.0,7.0,0.0,0.0
2026-08-26 20:09,0.0,0.0,0.0,0.0,0.0,0.0,7.0,0.0,0.0
2026-08-26 20:10,0.0,0.0,0.0,0.0,0.0,0.0,7.0,0.0,0.0
2026-08-26 20:11,0.0,0.0,0.0,0.0,0.0,0.0,7.0,0.0,0.0
2026-08-26 20:12,0.0,0.0,0.0,0.0,0.0,0.0,7.0,0.0,0.0
2026-08-26 20:13,0.0,0.0,0.0,0.0,0.0,0.0,7.0,0.0,0.0
2026-08-26 20:14,0.0,0.0,0.0,0.0,0.0,0.0,7.0,0.0,0.0
2026-08-26 20:15,0.0,0.0,0.0,0.0,0.0,0.0,7.0,0.0,0.0
2026-08-26 20:16,0.0,0.0,0.0,0.0,0.0,0.0,7.0,0.0,0.0
2026-08-26 20:17,0.0,0.0,0.0,0.0,0.0,0.0,7.0,0.0,0.0
2026-08-26 20:18,0.0,0.0,0.0,0.0,0.0,0.0,7.0,0.0,0.0
2026-08-26 20:19,0.0,0.0,0.0,0.0,0.0,0.0,7.0,0.0,0.0
2026-08-26 20:20,0.0,0.0,0.0,0.0,0.0,0.0,7.0,0.0,0.0
2026-08-26 20:21,0.0,0.0,0.0,0.0,0.0,0.0,7.0,0.0,0.0
2026-08-26 20:22,0.0,0.0,0.0,0.0,0.0,0.0,7.0,0.0,0.0
2026-08-26 20:23,0.0,0.0,0.0,0.0,0.0,0.0,7.0,0.0,0.0
2026-08-26 20:24,0.0,0.0,0.0,0.0,0.0,0.0,7.0,0.0,0.0
