2026-05-18 18:27:00,3073
2026-05-18 18:26:00,103481
2026-05-18 18:25:00,102133
2026-05-18 18:24:00,101502
2026-05-18 18:23:00,99263
2026-05-18 18:22:00,98593
2026-05-18 18:21:00,99860
2026-05-18 18:20:00,101853
2026-05-18 18:19:00,100771
2026-05-18 18:18:00,103382
2026-05-18 18:17:00,106357
2026-05-18 18:16:00,105263
2026-05-18 18:15:00,107577
2026-05-18 18:14:00,107759
2026-05-18 18:13:00,107866
2026-05-18 18:12:00,107959
2026-05-18 18:11:00,107343
2026-05-18 18:10:00,107844
2026-05-18 18:09:00,107535
2026-05-18 18:08:00,107659
2026-05-18 18:07:00,108007
2026-05-18 18:06:00,106273
2026-05-18 18:05:00,107592
2026-05-18 18:04:00,107484
2026-05-18 18:03:00,104448
2026-05-18 18:02:00,106738
2026-05-18 18:01:00,108960
2026-05-18 18:00:00,109371
2026-05-18 17:59:00,109771
2026-05-18 17:58:00,110384
2026-05-18 17:57:00,108450
2026-05-18 17:56:00,107141
2026-05-18 17:55:00,110171
2026-05-18 17:54:00,108671
2026-05-18 17:53:00,108445
2026-05-18 17:52:00,108650
2026-05-18 17:51:00,108671
2026-05-18 17:50:00,105488
2026-05-18 17:49:00,103681
2026-05-18 17:48:00,106039
2026-05-18 17:47:00,107405
2026-05-18 17:46:00,106291
2026-05-18 17:45:00,110052
2026-05-18 17:44:00,111053
2026-05-18 17:43:00,111877
2026-05-18 17:42:00,110583
2026-05-18 17:41:00,108814
2026-05-18 17:40:00,112780
2026-05-18 17:39:00,101965
2026-05-18 17:38:00,97573
2026-05-18 17:37:00,102480
2026-05-18 17:36:00,105356
2026-05-18 17:35:00,104848
2026-05-18 17:34:00,109210
2026-05-18 17:33:00,109373
2026-05-18 17:32:00,110609
2026-05-18 17:31:00,110808
2026-05-18 17:30:00,109352
2026-05-18 17:29:00,113773
2026-05-18 17:28:00,112204
2026-05-18 17:27:00,111791
2026-05-18 17:26:00,106994
2026-05-18 17:25:00,106911
2026-05-18 17:24:00,104721
2026-05-18 17:23:00,109345
2026-05-18 17:22:00,108293
2026-05-18 17:21:00,114152
2026-05-18 17:20:00,112225
2026-05-18 17:19:00,111076
2026-05-18 17:18:00,114660
2026-05-18 17:17:00,113098
2026-05-18 17:16:00,112476
2026-05-18 17:15:00,111536
2026-05-18 17:14:00,111970
2026-05-18 17:13:00,107153
2026-05-18 17:12:00,111011
2026-05-18 17:11:00,111985
2026-05-18 17:10:00,113421
2026-05-18 17:09:00,115623
2026-05-18 17:08:00,116661
2026-05-18 17:07:00,117755
2026-05-18 17:06:00,116057
2026-05-18 17:05:00,114178
2026-05-18 17:04:00,108899
2026-05-18 17:03:00,105889
2026-05-18 17:02:00,112333
2026-05-18 17:01:00,112778
2026-05-18 17:00:00,117428
2026-05-18 16:59:00,117516
2026-05-18 16:58:00,116979
2026-05-18 16:57:00,117024
2026-05-18 16:56:00,115471
2026-05-18 16:55:00,107721
2026-05-18 16:54:00,95480
2026-05-18 16:53:00,114747
2026-05-18 16:52:00,116286
2026-05-18 16:51:00,117095
2026-05-18 16:50:00,118386
2026-05-18 16:49:00,120637
2026-05-18 16:48:00,116538
2026-05-18 16:47:00,118228
2026-05-18 16:46:00,115146
2026-05-18 16:45:00,119445
2026-05-18 16:44:00,116885
2026-05-18 16:43:00,121157
2026-05-18 16:42:00,120784
2026-05-18 16:41:00,120604
2026-05-18 16:40:00,118195
2026-05-18 16:39:00,118332
2026-05-18 16:38:00,120792
2026-05-18 16:37:00,123689
2026-05-18 16:36:00,122288
2026-05-18 16:35:00,124419
2026-05-18 16:34:00,121309
2026-05-18 16:33:00,118374
2026-05-18 16:32:00,117840
2026-05-18 16:31:00,125591
2026-05-18 16:30:00,126941
2026-05-18 16:29:00,122084
2026-05-18 16:28:00,123870
2026-05-18 16:27:00,117934
2026-05-18 16:26:00,118580
2026-05-18 16:25:00,122252
2026-05-18 16:24:00,117214
2026-05-18 16:23:00,111181
2026-05-18 16:22:00,121448
2026-05-18 16:21:00,115263
2026-05-18 16:20:00,121054
2026-05-18 16:19:00,121338
2026-05-18 16:18:00,122813
2026-05-18 16:17:00,123717
2026-05-18 16:16:00,119407
2026-05-18 16:15:00,120109
2026-05-18 16:14:00,123959
2026-05-18 16:13:00,124472
2026-05-18 16:12:00,124271
2026-05-18 16:11:00,122343
2026-05-18 16:10:00,123780
2026-05-18 16:09:00,123410
2026-05-18 16:08:00,126733
2026-05-18 16:07:00,126440
2026-05-18 16:06:00,120416
2026-05-18 16:05:00,128914
2026-05-18 16:04:00,126513
2026-05-18 16:03:00,124782
2026-05-18 16:02:00,120231
2026-05-18 16:01:00,122466
2026-05-18 16:00:00,120877
2026-05-18 15:59:00,125323
2026-05-18 15:58:00,125961
2026-05-18 15:57:00,121134
2026-05-18 15:56:00,124233
2026-05-18 15:55:00,124517
2026-05-18 15:54:00,123579
2026-05-18 15:53:00,124947
2026-05-18 15:52:00,120658
2026-05-18 15:51:00,124380
2026-05-18 15:50:00,127847
2026-05-18 15:49:00,126518
2026-05-18 15:48:00,125130
2026-05-18 15:47:00,130645
2026-05-18 15:46:00,127003
2026-05-18 15:45:00,127753
2026-05-18 15:44:00,119813
2026-05-18 15:43:00,124448
2026-05-18 15:42:00,128565
2026-05-18 15:41:00,126866
2026-05-18 15:40:00,128993
2026-05-18 15:39:00,130256
2026-05-18 15:38:00,125630
2026-05-18 15:37:00,129626
2026-05-18 15:36:00,129629
2026-05-18 15:35:00,133251
2026-05-18 15:34:00,128283
2026-05-18 15:33:00,128034
2026-05-18 15:32:00,130230
2026-05-18 15:31:00,126988
2026-05-18 15:30:00,129718
2026-05-18 15:29:00,128860
2026-05-18 15:28:00,129745
2026-05-18 15:27:00,130652
2026-05-18 15:26:00,134527
2026-05-18 15:25:00,134748
2026-05-18 15:24:00,134057
2026-05-18 15:23:00,132783
2026-05-18 15:22:00,124169
2026-05-18 15:21:00,132406
2026-05-18 15:20:00,135324
2026-05-18 15:19:00,137404
2026-05-18 15:18:00,135554
2026-05-18 15:17:00,136526
2026-05-18 15:16:00,137114
2026-05-18 15:15:00,125806
2026-05-18 15:14:00,136041
2026-05-18 15:13:00,137265
2026-05-18 15:12:00,135920
2026-05-18 15:11:00,136353
2026-05-18 15:10:00,132096
2026-05-18 15:09:00,137839
2026-05-18 15:08:00,137233
2026-05-18 15:07:00,138308
2026-05-18 15:06:00,143158
2026-05-18 15:05:00,137566
2026-05-18 15:04:00,137957
2026-05-18 15:03:00,143161
2026-05-18 15:02:00,145601
2026-05-18 15:01:00,129283
2026-05-18 15:00:00,132708
2026-05-18 14:59:00,134246
2026-05-18 14:58:00,136235
2026-05-18 14:57:00,137592
2026-05-18 14:56:00,101702
